model,arm,num_keys,num_updates,position,position_kind,n_correct,n_trials,accuracy,wilson_lo,wilson_hi
haiku,nocot,5,10,10,ordinal,2,72,0.0278,0.0077,0.0957
haiku,nocot,5,10,8,ordinal,2,72,0.0278,0.0077,0.0957
haiku,nocot,5,10,6,ordinal,20,168,0.1190,0.0784,0.1767
haiku,nocot,5,10,2,ordinal,56,56,1.0000,0.9358,1.0000
haiku,nocot,5,10,9,ordinal,8,120,0.0667,0.0342,0.1261
haiku,nocot,5,10,1,ordinal,56,56,1.0000,0.9358,1.0000
haiku,nocot,5,10,last,recency,150,168,0.8929,0.8370,0.9311
haiku,nocot,5,10,3,ordinal,172,200,0.8600,0.8051,0.9013
haiku,nocot,5,10,4,ordinal,107,200,0.5350,0.4659,0.6028
haiku,nocot,5,10,5,ordinal,20,168,0.1190,0.0784,0.1767
haiku,nocot,5,10,7,ordinal,7,112,0.0625,0.0306,0.1234
haiku,nocot,10,10,3,ordinal,160,200,0.8000,0.7391,0.8495
haiku,nocot,10,10,2,ordinal,56,56,1.0000,0.9358,1.0000
haiku,nocot,10,10,8,ordinal,8,120,0.0667,0.0342,0.1261
haiku,nocot,10,10,4,ordinal,76,200,0.3800,0.3156,0.4489
haiku,nocot,10,10,9,ordinal,5,96,0.0521,0.0224,0.1162
haiku,nocot,10,10,5,ordinal,25,192,0.1302,0.0898,0.1852
haiku,nocot,10,10,7,ordinal,9,120,0.0750,0.0400,0.1364
haiku,nocot,10,10,6,ordinal,10,128,0.0781,0.0430,0.1378
haiku,nocot,10,10,1,ordinal,56,56,1.0000,0.9358,1.0000
haiku,nocot,10,10,10,ordinal,1,64,0.0156,0.0028,0.0833
haiku,nocot,10,10,last,recency,168,200,0.8400,0.7829,0.8843
haiku,nocot,5,20,6,ordinal,1,64,0.0156,0.0028,0.0833
haiku,nocot,5,20,14,ordinal,1,64,0.0156,0.0028,0.0833
haiku,nocot,5,20,16,ordinal,1,64,0.0156,0.0028,0.0833
haiku,nocot,5,20,13,ordinal,0,56,0.0000,0.0000,0.0642
haiku,nocot,5,20,20,ordinal,0,56,0.0000,0.0000,0.0642
haiku,nocot,5,20,last,recency,160,200,0.8000,0.7391,0.8495
haiku,nocot,5,20,7,ordinal,0,56,0.0000,0.0000,0.0642
haiku,nocot,5,20,1,ordinal,56,56,1.0000,0.9358,1.0000
haiku,nocot,5,20,11,ordinal,0,56,0.0000,0.0000,0.0642
haiku,nocot,5,20,2,ordinal,56,56,1.0000,0.9358,1.0000
haiku,nocot,5,20,3,ordinal,145,200,0.7250,0.6593,0.7822
haiku,nocot,5,20,5,ordinal,2,72,0.0278,0.0077,0.0957
haiku,nocot,5,20,4,ordinal,66,200,0.3300,0.2686,0.3978
haiku,nocot,5,20,8,ordinal,1,64,0.0156,0.0028,0.0833
haiku,nocot,5,20,10,ordinal,0,56,0.0000,0.0000,0.0642
haiku,nocot,5,20,17,ordinal,0,56,0.0000,0.0000,0.0642
haiku,nocot,5,20,19,ordinal,0,56,0.0000,0.0000,0.0642
haiku,nocot,10,20,7,ordinal,0,56,0.0000,0.0000,0.0642
haiku,nocot,10,20,11,ordinal,0,56,0.0000,0.0000,0.0642
haiku,nocot,10,20,5,ordinal,5,96,0.0521,0.0224,0.1162
haiku,nocot,10,20,10,ordinal,1,64,0.0156,0.0028,0.0833
haiku,nocot,10,20,8,ordinal,1,64,0.0156,0.0028,0.0833
haiku,nocot,10,20,3,ordinal,139,200,0.6950,0.6280,0.7546
haiku,nocot,10,20,16,ordinal,0,56,0.0000,0.0000,0.0642
haiku,nocot,10,20,6,ordinal,5,96,0.0521,0.0224,0.1162
haiku,nocot,10,20,13,ordinal,0,56,0.0000,0.0000,0.0642
haiku,nocot,10,20,17,ordinal,2,72,0.0278,0.0077,0.0957
haiku,nocot,10,20,4,ordinal,62,200,0.3100,0.2500,0.3772
haiku,nocot,10,20,1,ordinal,56,56,1.0000,0.9358,1.0000
haiku,nocot,10,20,20,ordinal,0,56,0.0000,0.0000,0.0642
haiku,nocot,10,20,2,ordinal,56,56,1.0000,0.9358,1.0000
haiku,nocot,10,20,last,recency,128,200,0.6400,0.5714,0.7033
haiku,nocot,10,20,14,ordinal,1,64,0.0156,0.0028,0.0833
haiku,nocot,10,20,19,ordinal,0,56,0.0000,0.0000,0.0642
haiku,nocot,5,50,last,recency,132,200,0.6600,0.5919,0.7221
haiku,nocot,5,50,6,ordinal,0,56,0.0000,0.0000,0.0642
haiku,nocot,5,50,50,ordinal,0,56,0.0000,0.0000,0.0642
haiku,nocot,5,50,1,ordinal,56,56,1.0000,0.9358,1.0000
haiku,nocot,5,50,3,ordinal,138,200,0.6900,0.6228,0.7500
haiku,nocot,5,50,2,ordinal,63,64,0.9844,0.9167,0.9972
haiku,nocot,5,50,5,ordinal,3,88,0.0341,0.0117,0.0955
haiku,nocot,5,50,4,ordinal,60,200,0.3000,0.2407,0.3668
haiku,nocot,5,50,7,ordinal,0,56,0.0000,0.0000,0.0642
haiku,nocot,5,50,14,ordinal,0,56,0.0000,0.0000,0.0642
haiku,nocot,5,50,20,ordinal,0,56,0.0000,0.0000,0.0642
haiku,nocot,5,50,8,ordinal,0,56,0.0000,0.0000,0.0642
haiku,nocot,5,50,31,ordinal,0,56,0.0000,0.0000,0.0642
haiku,nocot,5,50,26,ordinal,0,56,0.0000,0.0000,0.0642
haiku,nocot,5,50,37,ordinal,0,56,0.0000,0.0000,0.0642
haiku,nocot,5,50,43,ordinal,0,56,0.0000,0.0000,0.0642
haiku,nocot,5,50,49,ordinal,0,56,0.0000,0.0000,0.0642
haiku,nocot,10,50,5,ordinal,1,64,0.0156,0.0028,0.0833
haiku,nocot,10,50,4,ordinal,53,200,0.2650,0.2087,0.3302
haiku,nocot,10,50,37,ordinal,0,56,0.0000,0.0000,0.0642
haiku,nocot,10,50,14,ordinal,0,56,0.0000,0.0000,0.0642
haiku,nocot,10,50,20,ordinal,0,56,0.0000,0.0000,0.0642
haiku,nocot,10,50,26,ordinal,0,56,0.0000,0.0000,0.0642
haiku,nocot,10,50,7,ordinal,0,56,0.0000,0.0000,0.0642
haiku,nocot,10,50,1,ordinal,56,56,1.0000,0.9358,1.0000
haiku,nocot,10,50,50,ordinal,1,64,0.0156,0.0028,0.0833
haiku,nocot,10,50,6,ordinal,1,64,0.0156,0.0028,0.0833
haiku,nocot,10,50,31,ordinal,0,56,0.0000,0.0000,0.0642
haiku,nocot,10,50,last,recency,114,200,0.5700,0.5007,0.6367
haiku,nocot,10,50,2,ordinal,56,56,1.0000,0.9358,1.0000
haiku,nocot,10,50,3,ordinal,129,200,0.6450,0.5765,0.7080
haiku,nocot,10,50,8,ordinal,0,56,0.0000,0.0000,0.0642
haiku,nocot,10,50,49,ordinal,0,56,0.0000,0.0000,0.0642
haiku,nocot,10,50,43,ordinal,0,56,0.0000,0.0000,0.0642
haiku,cot_thinking,5,10,1,ordinal,56,56,1.0000,0.9358,1.0000
haiku,cot_thinking,5,10,6,ordinal,56,56,1.0000,0.9358,1.0000
haiku,cot_thinking,5,10,2,ordinal,56,56,1.0000,0.9358,1.0000
haiku,cot_thinking,5,10,last,recency,56,56,1.0000,0.9358,1.0000
haiku,cot_thinking,5,10,3,ordinal,56,56,1.0000,0.9358,1.0000
haiku,cot_thinking,5,10,7,ordinal,70,72,0.9722,0.9043,0.9923
haiku,cot_thinking,5,10,9,ordinal,63,64,0.9844,0.9167,0.9972
haiku,cot_thinking,5,10,4,ordinal,56,56,1.0000,0.9358,1.0000
haiku,cot_thinking,5,10,10,ordinal,63,64,0.9844,0.9167,0.9972
haiku,cot_thinking,5,10,5,ordinal,56,56,1.0000,0.9358,1.0000
haiku,cot_thinking,5,10,8,ordinal,56,56,1.0000,0.9358,1.0000
haiku,cot_thinking,10,10,5,ordinal,63,64,0.9844,0.9167,0.9972
haiku,cot_thinking,10,10,7,ordinal,70,72,0.9722,0.9043,0.9923
haiku,cot_thinking,10,10,8,ordinal,63,64,0.9844,0.9167,0.9972
haiku,cot_thinking,10,10,2,ordinal,56,56,1.0000,0.9358,1.0000
haiku,cot_thinking,10,10,10,ordinal,56,56,1.0000,0.9358,1.0000
haiku,cot_thinking,10,10,6,ordinal,63,64,0.9844,0.9167,0.9972
haiku,cot_thinking,10,10,1,ordinal,56,56,1.0000,0.9358,1.0000
haiku,cot_thinking,10,10,9,ordinal,56,56,1.0000,0.9358,1.0000
haiku,cot_thinking,10,10,last,recency,56,56,1.0000,0.9358,1.0000
haiku,cot_thinking,10,10,3,ordinal,56,56,1.0000,0.9358,1.0000
haiku,cot_thinking,10,10,4,ordinal,63,64,0.9844,0.9167,0.9972
haiku,cot_thinking,5,20,10,ordinal,85,88,0.9659,0.9045,0.9883
haiku,cot_thinking,5,20,6,ordinal,56,56,1.0000,0.9358,1.0000
haiku,cot_thinking,5,20,13,ordinal,70,72,0.9722,0.9043,0.9923
haiku,cot_thinking,5,20,2,ordinal,56,56,1.0000,0.9358,1.0000
haiku,cot_thinking,5,20,3,ordinal,56,56,1.0000,0.9358,1.0000
haiku,cot_thinking,5,20,16,ordinal,56,56,1.0000,0.9358,1.0000
haiku,cot_thinking,5,20,1,ordinal,56,56,1.0000,0.9358,1.0000
haiku,cot_thinking,5,20,20,ordinal,56,56,1.0000,0.9358,1.0000
haiku,cot_thinking,5,20,last,recency,63,64,0.9844,0.9167,0.9972
haiku,cot_thinking,5,20,8,ordinal,56,56,1.0000,0.9358,1.0000
haiku,cot_thinking,5,20,4,ordinal,56,56,1.0000,0.9358,1.0000
haiku,cot_thinking,5,20,17,ordinal,63,64,0.9844,0.9167,0.9972
haiku,cot_thinking,5,20,19,ordinal,70,72,0.9722,0.9043,0.9923
haiku,cot_thinking,5,20,5,ordinal,56,56,1.0000,0.9358,1.0000
haiku,cot_thinking,5,20,7,ordinal,63,64,0.9844,0.9167,0.9972
haiku,cot_thinking,5,20,11,ordinal,63,64,0.9844,0.9167,0.9972
haiku,cot_thinking,5,20,14,ordinal,63,64,0.9844,0.9167,0.9972
haiku,cot_thinking,10,20,5,ordinal,63,64,0.9844,0.9167,0.9972
haiku,cot_thinking,10,20,1,ordinal,56,56,1.0000,0.9358,1.0000
haiku,cot_thinking,10,20,10,ordinal,63,64,0.9844,0.9167,0.9972
haiku,cot_thinking,10,20,8,ordinal,70,72,0.9722,0.9043,0.9923
haiku,cot_thinking,10,20,17,ordinal,63,64,0.9844,0.9167,0.9972
haiku,cot_thinking,10,20,4,ordinal,56,56,1.0000,0.9358,1.0000
haiku,cot_thinking,10,20,16,ordinal,70,72,0.9722,0.9043,0.9923
haiku,cot_thinking,10,20,3,ordinal,56,56,1.0000,0.9358,1.0000
haiku,cot_thinking,10,20,6,ordinal,63,64,0.9844,0.9167,0.9972
haiku,cot_thinking,10,20,19,ordinal,56,56,1.0000,0.9358,1.0000
haiku,cot_thinking,10,20,14,ordinal,70,72,0.9722,0.9043,0.9923
haiku,cot_thinking,10,20,11,ordinal,91,96,0.9479,0.8838,0.9776
haiku,cot_thinking,10,20,2,ordinal,56,56,1.0000,0.9358,1.0000
haiku,cot_thinking,10,20,13,ordinal,85,88,0.9659,0.9045,0.9883
haiku,cot_thinking,10,20,7,ordinal,70,72,0.9722,0.9043,0.9923
haiku,cot_thinking,10,20,last,recency,56,56,1.0000,0.9358,1.0000
haiku,cot_thinking,10,20,20,ordinal,70,72,0.9722,0.9043,0.9923
haiku,cot_thinking,5,50,7,ordinal,63,64,0.9844,0.9167,0.9972
haiku,cot_thinking,5,50,6,ordinal,56,56,1.0000,0.9358,1.0000
haiku,cot_thinking,5,50,8,ordinal,63,64,0.9844,0.9167,0.9972
haiku,cot_thinking,5,50,1,ordinal,56,56,1.0000,0.9358,1.0000
haiku,cot_thinking,5,50,20,ordinal,92,96,0.9583,0.8977,0.9837
haiku,cot_thinking,5,50,2,ordinal,56,56,1.0000,0.9358,1.0000
haiku,cot_thinking,5,50,3,ordinal,56,56,1.0000,0.9358,1.0000
haiku,cot_thinking,5,50,5,ordinal,56,56,1.0000,0.9358,1.0000
haiku,cot_thinking,5,50,14,ordinal,63,64,0.9844,0.9167,0.9972
haiku,cot_thinking,5,50,37,ordinal,98,104,0.9423,0.8798,0.9733
haiku,cot_thinking,5,50,31,ordinal,111,120,0.9250,0.8636,0.9600
haiku,cot_thinking,5,50,43,ordinal,91,96,0.9479,0.8838,0.9776
haiku,cot_thinking,5,50,last,recency,56,56,1.0000,0.9358,1.0000
haiku,cot_thinking,5,50,26,ordinal,70,72,0.9722,0.9043,0.9923
haiku,cot_thinking,5,50,50,ordinal,92,96,0.9583,0.8977,0.9837
haiku,cot_thinking,5,50,4,ordinal,56,56,1.0000,0.9358,1.0000
haiku,cot_thinking,5,50,49,ordinal,125,136,0.9191,0.8610,0.9542
haiku,cot_thinking,10,50,6,ordinal,85,88,0.9659,0.9045,0.9883
haiku,cot_thinking,10,50,7,ordinal,92,96,0.9583,0.8977,0.9837
haiku,cot_thinking,10,50,5,ordinal,56,56,1.0000,0.9358,1.0000
haiku,cot_thinking,10,50,1,ordinal,56,56,1.0000,0.9358,1.0000
haiku,cot_thinking,10,50,8,ordinal,63,64,0.9844,0.9167,0.9972
haiku,cot_thinking,10,50,3,ordinal,56,56,1.0000,0.9358,1.0000
haiku,cot_thinking,10,50,26,ordinal,167,200,0.8350,0.7773,0.8800
haiku,cot_thinking,10,50,31,ordinal,166,192,0.8646,0.8090,0.9059
haiku,cot_thinking,10,50,20,ordinal,166,192,0.8646,0.8090,0.9059
haiku,cot_thinking,10,50,37,ordinal,163,200,0.8150,0.7554,0.8627
haiku,cot_thinking,10,50,last,recency,63,64,0.9844,0.9167,0.9972
haiku,cot_thinking,10,50,4,ordinal,63,64,0.9844,0.9167,0.9972
haiku,cot_thinking,10,50,14,ordinal,131,144,0.9097,0.8517,0.9465
haiku,cot_thinking,10,50,50,ordinal,163,200,0.8150,0.7554,0.8627
haiku,cot_thinking,10,50,2,ordinal,56,56,1.0000,0.9358,1.0000
haiku,cot_thinking,10,50,49,ordinal,152,200,0.7600,0.6963,0.8139
haiku,cot_thinking,10,50,43,ordinal,153,200,0.7650,0.7016,0.8184
sonnet,nocot,5,10,8,ordinal,16,160,0.1000,0.0625,0.1563
sonnet,nocot,5,10,3,ordinal,89,200,0.4450,0.3778,0.5143
sonnet,nocot,5,10,4,ordinal,54,200,0.2700,0.2132,0.3354
sonnet,nocot,5,10,1,ordinal,56,56,1.0000,0.9358,1.0000
sonnet,nocot,5,10,last,recency,56,56,1.0000,0.9358,1.0000
sonnet,nocot,5,10,10,ordinal,26,192,0.1354,0.0941,0.1910
sonnet,nocot,5,10,2,ordinal,70,72,0.9722,0.9043,0.9923
sonnet,nocot,5,10,9,ordinal,9,120,0.0750,0.0400,0.1364
sonnet,nocot,5,10,5,ordinal,33,200,0.1650,0.1200,0.2227
sonnet,nocot,5,10,6,ordinal,9,120,0.0750,0.0400,0.1364
sonnet,nocot,5,10,7,ordinal,14,144,0.0972,0.0588,0.1566
sonnet,nocot,10,10,2,ordinal,56,56,1.0000,0.9358,1.0000
sonnet,nocot,10,10,1,ordinal,56,56,1.0000,0.9358,1.0000
sonnet,nocot,10,10,10,ordinal,34,200,0.1700,0.1243,0.2282
sonnet,nocot,10,10,8,ordinal,11,136,0.0809,0.0458,0.1390
sonnet,nocot,10,10,9,ordinal,14,144,0.0972,0.0588,0.1566
sonnet,nocot,10,10,last,recency,56,56,1.0000,0.9358,1.0000
sonnet,nocot,10,10,3,ordinal,86,200,0.4300,0.3633,0.4993
sonnet,nocot,10,10,4,ordinal,44,200,0.2200,0.1682,0.2824
sonnet,nocot,10,10,5,ordinal,33,200,0.1650,0.1200,0.2227
sonnet,nocot,10,10,7,ordinal,10,128,0.0781,0.0430,0.1378
sonnet,nocot,10,10,6,ordinal,15,152,0.0987,0.0607,0.1564
sonnet,nocot,5,20,5,ordinal,29,200,0.1450,0.1029,0.2005
sonnet,nocot,5,20,2,ordinal,70,72,0.9722,0.9043,0.9923
sonnet,nocot,5,20,7,ordinal,17,160,0.1062,0.0674,0.1636
sonnet,nocot,5,20,6,ordinal,22,176,0.1250,0.0840,0.1820
sonnet,nocot,5,20,8,ordinal,6,104,0.0577,0.0267,0.1202
sonnet,nocot,5,20,14,ordinal,0,56,0.0000,0.0000,0.0642
sonnet,nocot,5,20,20,ordinal,2,72,0.0278,0.0077,0.0957
sonnet,nocot,5,20,1,ordinal,56,56,1.0000,0.9358,1.0000
sonnet,nocot,5,20,last,recency,92,96,0.9583,0.8977,0.9837
sonnet,nocot,5,20,3,ordinal,73,200,0.3650,0.3014,0.4337
sonnet,nocot,5,20,4,ordinal,41,200,0.2050,0.1549,0.2663
sonnet,nocot,5,20,10,ordinal,9,120,0.0750,0.0400,0.1364
sonnet,nocot,5,20,11,ordinal,6,104,0.0577,0.0267,0.1202
sonnet,nocot,5,20,13,ordinal,1,64,0.0156,0.0028,0.0833
sonnet,nocot,5,20,16,ordinal,1,64,0.0156,0.0028,0.0833
sonnet,nocot,5,20,19,ordinal,0,56,0.0000,0.0000,0.0642
sonnet,nocot,5,20,17,ordinal,2,72,0.0278,0.0077,0.0957
sonnet,nocot,10,20,5,ordinal,22,176,0.1250,0.0840,0.1820
sonnet,nocot,10,20,17,ordinal,1,64,0.0156,0.0028,0.0833
sonnet,nocot,10,20,16,ordinal,4,96,0.0417,0.0163,0.1023
sonnet,nocot,10,20,13,ordinal,4,96,0.0417,0.0163,0.1023
sonnet,nocot,10,20,10,ordinal,8,120,0.0667,0.0342,0.1261
sonnet,nocot,10,20,11,ordinal,1,64,0.0156,0.0028,0.0833
sonnet,nocot,10,20,8,ordinal,7,112,0.0625,0.0306,0.1234
sonnet,nocot,10,20,19,ordinal,1,64,0.0156,0.0028,0.0833
sonnet,nocot,10,20,last,recency,63,64,0.9844,0.9167,0.9972
sonnet,nocot,10,20,1,ordinal,56,56,1.0000,0.9358,1.0000
sonnet,nocot,10,20,2,ordinal,98,104,0.9423,0.8798,0.9733
sonnet,nocot,10,20,20,ordinal,1,64,0.0156,0.0028,0.0833
sonnet,nocot,10,20,3,ordinal,85,200,0.4250,0.3585,0.4943
sonnet,nocot,10,20,4,ordinal,34,200,0.1700,0.1243,0.2282
sonnet,nocot,10,20,14,ordinal,0,56,0.0000,0.0000,0.0642
sonnet,nocot,10,20,6,ordinal,8,120,0.0667,0.0342,0.1261
sonnet,nocot,10,20,7,ordinal,5,96,0.0521,0.0224,0.1162
sonnet,nocot,5,50,6,ordinal,22,176,0.1250,0.0840,0.1820
sonnet,nocot,5,50,1,ordinal,56,56,1.0000,0.9358,1.0000
sonnet,nocot,5,50,4,ordinal,40,200,0.2000,0.1505,0.2609
sonnet,nocot,5,50,5,ordinal,29,200,0.1450,0.1029,0.2005
sonnet,nocot,5,50,3,ordinal,65,200,0.3250,0.2639,0.3927
sonnet,nocot,5,50,14,ordinal,0,56,0.0000,0.0000,0.0642
sonnet,nocot,5,50,2,ordinal,63,64,0.9844,0.9167,0.9972
sonnet,nocot,5,50,last,recency,137,152,0.9013,0.8436,0.9393
sonnet,nocot,5,50,49,ordinal,0,56,0.0000,0.0000,0.0642
sonnet,nocot,5,50,7,ordinal,12,136,0.0882,0.0512,0.1479
sonnet,nocot,5,50,31,ordinal,0,56,0.0000,0.0000,0.0642
sonnet,nocot,5,50,50,ordinal,0,56,0.0000,0.0000,0.0642
sonnet,nocot,5,50,43,ordinal,0,56,0.0000,0.0000,0.0642
sonnet,nocot,5,50,26,ordinal,0,56,0.0000,0.0000,0.0642
sonnet,nocot,5,50,20,ordinal,0,56,0.0000,0.0000,0.0642
sonnet,nocot,5,50,37,ordinal,0,56,0.0000,0.0000,0.0642
sonnet,nocot,5,50,8,ordinal,12,136,0.0882,0.0512,0.1479
sonnet,nocot,10,50,4,ordinal,47,200,0.2350,0.1816,0.2984
sonnet,nocot,10,50,1,ordinal,63,64,0.9844,0.9167,0.9972
sonnet,nocot,10,50,5,ordinal,36,200,0.1800,0.1329,0.2391
sonnet,nocot,10,50,37,ordinal,1,64,0.0156,0.0028,0.0833
sonnet,nocot,10,50,43,ordinal,0,56,0.0000,0.0000,0.0642
sonnet,nocot,10,50,26,ordinal,0,56,0.0000,0.0000,0.0642
sonnet,nocot,10,50,14,ordinal,1,64,0.0156,0.0028,0.0833
sonnet,nocot,10,50,7,ordinal,0,56,0.0000,0.0000,0.0642
sonnet,nocot,10,50,3,ordinal,86,200,0.4300,0.3633,0.4993
sonnet,nocot,10,50,6,ordinal,22,176,0.1250,0.0840,0.1820
sonnet,nocot,10,50,last,recency,144,160,0.9000,0.8437,0.9375
sonnet,nocot,10,50,50,ordinal,1,64,0.0156,0.0028,0.0833
sonnet,nocot,10,50,2,ordinal,112,120,0.9333,0.8739,0.9658
sonnet,nocot,10,50,8,ordinal,3,88,0.0341,0.0117,0.0955
sonnet,nocot,10,50,20,ordinal,0,56,0.0000,0.0000,0.0642
sonnet,nocot,10,50,31,ordinal,0,56,0.0000,0.0000,0.0642
sonnet,nocot,10,50,49,ordinal,0,56,0.0000,0.0000,0.0642
sonnet,cot_thinking,5,10,2,ordinal,56,56,1.0000,0.9358,1.0000
sonnet,cot_thinking,5,10,6,ordinal,56,56,1.0000,0.9358,1.0000
sonnet,cot_thinking,5,10,last,recency,56,56,1.0000,0.9358,1.0000
sonnet,cot_thinking,5,10,1,ordinal,56,56,1.0000,0.9358,1.0000
sonnet,cot_thinking,5,10,7,ordinal,56,56,1.0000,0.9358,1.0000
sonnet,cot_thinking,5,10,5,ordinal,56,56,1.0000,0.9358,1.0000
sonnet,cot_thinking,5,10,10,ordinal,56,56,1.0000,0.9358,1.0000
sonnet,cot_thinking,5,10,8,ordinal,56,56,1.0000,0.9358,1.0000
sonnet,cot_thinking,5,10,4,ordinal,56,56,1.0000,0.9358,1.0000
sonnet,cot_thinking,5,10,3,ordinal,56,56,1.0000,0.9358,1.0000
sonnet,cot_thinking,5,10,9,ordinal,56,56,1.0000,0.9358,1.0000
sonnet,cot_thinking,10,10,1,ordinal,56,56,1.0000,0.9358,1.0000
sonnet,cot_thinking,10,10,5,ordinal,56,56,1.0000,0.9358,1.0000
sonnet,cot_thinking,10,10,10,ordinal,56,56,1.0000,0.9358,1.0000
sonnet,cot_thinking,10,10,6,ordinal,56,56,1.0000,0.9358,1.0000
sonnet,cot_thinking,10,10,9,ordinal,56,56,1.0000,0.9358,1.0000
sonnet,cot_thinking,10,10,last,recency,56,56,1.0000,0.9358,1.0000
sonnet,cot_thinking,10,10,7,ordinal,56,56,1.0000,0.9358,1.0000
sonnet,cot_thinking,10,10,2,ordinal,56,56,1.0000,0.9358,1.0000
sonnet,cot_thinking,10,10,3,ordinal,56,56,1.0000,0.9358,1.0000
sonnet,cot_thinking,10,10,4,ordinal,56,56,1.0000,0.9358,1.0000
sonnet,cot_thinking,10,10,8,ordinal,56,56,1.0000,0.9358,1.0000
sonnet,cot_thinking,5,20,4,ordinal,56,56,1.0000,0.9358,1.0000
sonnet,cot_thinking,5,20,1,ordinal,56,56,1.0000,0.9358,1.0000
sonnet,cot_thinking,5,20,6,ordinal,56,56,1.0000,0.9358,1.0000
sonnet,cot_thinking,5,20,14,ordinal,56,56,1.0000,0.9358,1.0000
sonnet,cot_thinking,5,20,10,ordinal,56,56,1.0000,0.9358,1.0000
sonnet,cot_thinking,5,20,8,ordinal,56,56,1.0000,0.9358,1.0000
sonnet,cot_thinking,5,20,11,ordinal,56,56,1.0000,0.9358,1.0000
sonnet,cot_thinking,5,20,3,ordinal,56,56,1.0000,0.9358,1.0000
sonnet,cot_thinking,5,20,5,ordinal,56,56,1.0000,0.9358,1.0000
sonnet,cot_thinking,5,20,16,ordinal,56,56,1.0000,0.9358,1.0000
sonnet,cot_thinking,5,20,2,ordinal,56,56,1.0000,0.9358,1.0000
sonnet,cot_thinking,5,20,20,ordinal,56,56,1.0000,0.9358,1.0000
sonnet,cot_thinking,5,20,7,ordinal,56,56,1.0000,0.9358,1.0000
sonnet,cot_thinking,5,20,17,ordinal,56,56,1.0000,0.9358,1.0000
sonnet,cot_thinking,5,20,13,ordinal,56,56,1.0000,0.9358,1.0000
sonnet,cot_thinking,5,20,last,recency,70,72,0.9722,0.9043,0.9923
sonnet,cot_thinking,5,20,19,ordinal,56,56,1.0000,0.9358,1.0000
sonnet,cot_thinking,10,20,10,ordinal,63,64,0.9844,0.9167,0.9972
sonnet,cot_thinking,10,20,11,ordinal,56,56,1.0000,0.9358,1.0000
sonnet,cot_thinking,10,20,8,ordinal,56,56,1.0000,0.9358,1.0000
sonnet,cot_thinking,10,20,6,ordinal,56,56,1.0000,0.9358,1.0000
sonnet,cot_thinking,10,20,14,ordinal,56,56,1.0000,0.9358,1.0000
sonnet,cot_thinking,10,20,5,ordinal,56,56,1.0000,0.9358,1.0000
sonnet,cot_thinking,10,20,2,ordinal,56,56,1.0000,0.9358,1.0000
sonnet,cot_thinking,10,20,7,ordinal,56,56,1.0000,0.9358,1.0000
sonnet,cot_thinking,10,20,4,ordinal,56,56,1.0000,0.9358,1.0000
sonnet,cot_thinking,10,20,13,ordinal,56,56,1.0000,0.9358,1.0000
sonnet,cot_thinking,10,20,3,ordinal,56,56,1.0000,0.9358,1.0000
sonnet,cot_thinking,10,20,1,ordinal,56,56,1.0000,0.9358,1.0000
sonnet,cot_thinking,10,20,19,ordinal,56,56,1.0000,0.9358,1.0000
sonnet,cot_thinking,10,20,16,ordinal,56,56,1.0000,0.9358,1.0000
sonnet,cot_thinking,10,20,17,ordinal,56,56,1.0000,0.9358,1.0000
sonnet,cot_thinking,10,20,20,ordinal,70,72,0.9722,0.9043,0.9923
sonnet,cot_thinking,10,20,last,recency,56,56,1.0000,0.9358,1.0000
sonnet,cot_thinking,5,50,1,ordinal,56,56,1.0000,0.9358,1.0000
sonnet,cot_thinking,5,50,8,ordinal,56,56,1.0000,0.9358,1.0000
sonnet,cot_thinking,5,50,6,ordinal,56,56,1.0000,0.9358,1.0000
sonnet,cot_thinking,5,50,7,ordinal,56,56,1.0000,0.9358,1.0000
sonnet,cot_thinking,5,50,5,ordinal,56,56,1.0000,0.9358,1.0000
sonnet,cot_thinking,5,50,4,ordinal,56,56,1.0000,0.9358,1.0000
sonnet,cot_thinking,5,50,14,ordinal,56,56,1.0000,0.9358,1.0000
sonnet,cot_thinking,5,50,3,ordinal,56,56,1.0000,0.9358,1.0000
sonnet,cot_thinking,5,50,20,ordinal,56,56,1.0000,0.9358,1.0000
sonnet,cot_thinking,5,50,2,ordinal,56,56,1.0000,0.9358,1.0000
sonnet,cot_thinking,5,50,26,ordinal,63,64,0.9844,0.9167,0.9972
sonnet,cot_thinking,5,50,31,ordinal,56,56,1.0000,0.9358,1.0000
sonnet,cot_thinking,5,50,37,ordinal,56,56,1.0000,0.9358,1.0000
sonnet,cot_thinking,5,50,last,recency,63,64,0.9844,0.9167,0.9972
sonnet,cot_thinking,5,50,50,ordinal,63,64,0.9844,0.9167,0.9972
sonnet,cot_thinking,5,50,49,ordinal,70,72,0.9722,0.9043,0.9923
sonnet,cot_thinking,5,50,43,ordinal,63,64,0.9844,0.9167,0.9972
sonnet,cot_thinking,10,50,3,ordinal,56,56,1.0000,0.9358,1.0000
sonnet,cot_thinking,10,50,5,ordinal,56,56,1.0000,0.9358,1.0000
sonnet,cot_thinking,10,50,4,ordinal,56,56,1.0000,0.9358,1.0000
sonnet,cot_thinking,10,50,7,ordinal,56,56,1.0000,0.9358,1.0000
sonnet,cot_thinking,10,50,14,ordinal,56,56,1.0000,0.9358,1.0000
sonnet,cot_thinking,10,50,8,ordinal,63,64,0.9844,0.9167,0.9972
sonnet,cot_thinking,10,50,6,ordinal,56,56,1.0000,0.9358,1.0000
sonnet,cot_thinking,10,50,1,ordinal,56,56,1.0000,0.9358,1.0000
sonnet,cot_thinking,10,50,20,ordinal,56,56,1.0000,0.9358,1.0000
sonnet,cot_thinking,10,50,31,ordinal,85,88,0.9659,0.9045,0.9883
sonnet,cot_thinking,10,50,26,ordinal,70,72,0.9722,0.9043,0.9923
sonnet,cot_thinking,10,50,last,recency,70,72,0.9722,0.9043,0.9923
sonnet,cot_thinking,10,50,2,ordinal,56,56,1.0000,0.9358,1.0000
sonnet,cot_thinking,10,50,49,ordinal,91,96,0.9479,0.8838,0.9776
sonnet,cot_thinking,10,50,37,ordinal,63,64,0.9844,0.9167,0.9972
sonnet,cot_thinking,10,50,43,ordinal,92,96,0.9583,0.8977,0.9837
sonnet,cot_thinking,10,50,50,ordinal,63,64,0.9844,0.9167,0.9972
opus,nocot,5,10,3,ordinal,92,96,0.9583,0.8977,0.9837
opus,nocot,5,10,6,ordinal,80,200,0.4000,0.3346,0.4692
opus,nocot,5,10,1,ordinal,56,56,1.0000,0.9358,1.0000
opus,nocot,5,10,10,ordinal,154,176,0.8750,0.8180,0.9160
opus,nocot,5,10,last,recency,56,56,1.0000,0.9358,1.0000
opus,nocot,5,10,7,ordinal,68,200,0.3400,0.2779,0.4081
opus,nocot,5,10,8,ordinal,64,200,0.3200,0.2593,0.3875
opus,nocot,5,10,5,ordinal,101,200,0.5050,0.4363,0.5735
opus,nocot,5,10,2,ordinal,56,56,1.0000,0.9358,1.0000
opus,nocot,5,10,4,ordinal,117,200,0.5850,0.5157,0.6511
opus,nocot,5,10,9,ordinal,70,200,0.3500,0.2873,0.4184
opus,nocot,10,10,9,ordinal,63,200,0.3150,0.2546,0.3824
opus,nocot,10,10,2,ordinal,70,72,0.9722,0.9043,0.9923
opus,nocot,10,10,8,ordinal,55,200,0.2750,0.2178,0.3407
opus,nocot,10,10,1,ordinal,56,56,1.0000,0.9358,1.0000
opus,nocot,10,10,5,ordinal,107,200,0.5350,0.4659,0.6028
opus,nocot,10,10,last,recency,70,72,0.9722,0.9043,0.9923
opus,nocot,10,10,3,ordinal,165,192,0.8594,0.8031,0.9015
opus,nocot,10,10,4,ordinal,114,200,0.5700,0.5007,0.6367
opus,nocot,10,10,6,ordinal,68,200,0.3400,0.2779,0.4081
opus,nocot,10,10,7,ordinal,56,200,0.2800,0.2224,0.3459
opus,nocot,10,10,10,ordinal,156,200,0.7800,0.7176,0.8318
opus,nocot,5,20,2,ordinal,56,56,1.0000,0.9358,1.0000
opus,nocot,5,20,6,ordinal,39,200,0.1950,0.1461,0.2554
opus,nocot,5,20,7,ordinal,35,200,0.1750,0.1286,0.2336
opus,nocot,5,20,4,ordinal,73,200,0.3650,0.3014,0.4337
opus,nocot,5,20,5,ordinal,45,200,0.2250,0.1726,0.2877
opus,nocot,5,20,3,ordinal,148,200,0.7400,0.6751,0.7959
opus,nocot,5,20,8,ordinal,33,200,0.1650,0.1200,0.2227
opus,nocot,5,20,20,ordinal,116,200,0.5800,0.5107,0.6463
opus,nocot,5,20,19,ordinal,44,200,0.2200,0.1682,0.2824
opus,nocot,5,20,1,ordinal,56,56,1.0000,0.9358,1.0000
opus,nocot,5,20,16,ordinal,24,184,0.1304,0.0892,0.1867
opus,nocot,5,20,10,ordinal,24,184,0.1304,0.0892,0.1867
opus,nocot,5,20,14,ordinal,20,168,0.1190,0.0784,0.1767
opus,nocot,5,20,last,recency,56,56,1.0000,0.9358,1.0000
opus,nocot,5,20,17,ordinal,9,120,0.0750,0.0400,0.1364
opus,nocot,5,20,11,ordinal,26,192,0.1354,0.0941,0.1910
opus,nocot,5,20,13,ordinal,26,192,0.1354,0.0941,0.1910
opus,nocot,10,20,11,ordinal,14,144,0.0972,0.0588,0.1566
opus,nocot,10,20,16,ordinal,5,96,0.0521,0.0224,0.1162
opus,nocot,10,20,17,ordinal,19,168,0.1131,0.0736,0.1699
opus,nocot,10,20,1,ordinal,56,56,1.0000,0.9358,1.0000
opus,nocot,10,20,20,ordinal,114,200,0.5700,0.5007,0.6367
opus,nocot,10,20,13,ordinal,2,72,0.0278,0.0077,0.0957
opus,nocot,10,20,19,ordinal,55,200,0.2750,0.2178,0.3407
opus,nocot,10,20,14,ordinal,3,88,0.0341,0.0117,0.0955
opus,nocot,10,20,2,ordinal,56,56,1.0000,0.9358,1.0000
opus,nocot,10,20,4,ordinal,79,200,0.3950,0.3298,0.4641
opus,nocot,10,20,10,ordinal,19,168,0.1131,0.0736,0.1699
opus,nocot,10,20,3,ordinal,138,200,0.6900,0.6228,0.7500
opus,nocot,10,20,last,recency,63,64,0.9844,0.9167,0.9972
opus,nocot,10,20,5,ordinal,56,200,0.2800,0.2224,0.3459
opus,nocot,10,20,7,ordinal,32,200,0.1600,0.1157,0.2171
opus,nocot,10,20,6,ordinal,44,200,0.2200,0.1682,0.2824
opus,nocot,10,20,8,ordinal,37,200,0.1850,0.1373,0.2446
opus,nocot,5,50,1,ordinal,56,56,1.0000,0.9358,1.0000
opus,nocot,5,50,4,ordinal,68,200,0.3400,0.2779,0.4081
opus,nocot,5,50,2,ordinal,70,72,0.9722,0.9043,0.9923
opus,nocot,5,50,37,ordinal,1,64,0.0156,0.0028,0.0833
opus,nocot,5,50,3,ordinal,141,200,0.7050,0.6384,0.7639
opus,nocot,5,50,26,ordinal,1,64,0.0156,0.0028,0.0833
opus,nocot,5,50,43,ordinal,9,120,0.0750,0.0400,0.1364
opus,nocot,5,50,20,ordinal,0,56,0.0000,0.0000,0.0642
opus,nocot,5,50,8,ordinal,19,168,0.1131,0.0736,0.1699
opus,nocot,5,50,50,ordinal,49,200,0.2450,0.1906,0.3090
opus,nocot,5,50,last,recency,56,56,1.0000,0.9358,1.0000
opus,nocot,5,50,6,ordinal,9,120,0.0750,0.0400,0.1364
opus,nocot,5,50,7,ordinal,6,104,0.0577,0.0267,0.1202
opus,nocot,5,50,14,ordinal,2,72,0.0278,0.0077,0.0957
opus,nocot,5,50,31,ordinal,2,72,0.0278,0.0077,0.0957
opus,nocot,5,50,49,ordinal,31,200,0.1550,0.1114,0.2116
opus,nocot,5,50,5,ordinal,34,200,0.1700,0.1243,0.2282
opus,nocot,10,50,2,ordinal,70,72,0.9722,0.9043,0.9923
opus,nocot,10,50,1,ordinal,56,56,1.0000,0.9358,1.0000
opus,nocot,10,50,37,ordinal,0,56,0.0000,0.0000,0.0642
opus,nocot,10,50,49,ordinal,38,200,0.1900,0.1417,0.2500
opus,nocot,10,50,26,ordinal,2,72,0.0278,0.0077,0.0957
opus,nocot,10,50,43,ordinal,1,64,0.0156,0.0028,0.0833
opus,nocot,10,50,20,ordinal,3,88,0.0341,0.0117,0.0955
opus,nocot,10,50,14,ordinal,6,104,0.0577,0.0267,0.1202
opus,nocot,10,50,31,ordinal,1,64,0.0156,0.0028,0.0833
opus,nocot,10,50,50,ordinal,55,200,0.2750,0.2178,0.3407
opus,nocot,10,50,4,ordinal,69,200,0.3450,0.2826,0.4132
opus,nocot,10,50,5,ordinal,43,200,0.2150,0.1637,0.2770
opus,nocot,10,50,last,recency,112,120,0.9333,0.8739,0.9658
opus,nocot,10,50,3,ordinal,138,200,0.6900,0.6228,0.7500
opus,nocot,10,50,7,ordinal,33,200,0.1650,0.1200,0.2227
opus,nocot,10,50,6,ordinal,32,200,0.1600,0.1157,0.2171
opus,nocot,10,50,8,ordinal,31,200,0.1550,0.1114,0.2116
opus,cot_thinking,5,10,8,ordinal,56,56,1.0000,0.9358,1.0000
opus,cot_thinking,5,10,5,ordinal,56,56,1.0000,0.9358,1.0000
opus,cot_thinking,5,10,3,ordinal,56,56,1.0000,0.9358,1.0000
opus,cot_thinking,5,10,2,ordinal,56,56,1.0000,0.9358,1.0000
opus,cot_thinking,5,10,last,recency,56,56,1.0000,0.9358,1.0000
opus,cot_thinking,5,10,1,ordinal,56,56,1.0000,0.9358,1.0000
opus,cot_thinking,5,10,4,ordinal,56,56,1.0000,0.9358,1.0000
opus,cot_thinking,5,10,9,ordinal,56,56,1.0000,0.9358,1.0000
opus,cot_thinking,5,10,6,ordinal,56,56,1.0000,0.9358,1.0000
opus,cot_thinking,5,10,7,ordinal,56,56,1.0000,0.9358,1.0000
opus,cot_thinking,5,10,10,ordinal,56,56,1.0000,0.9358,1.0000
opus,cot_thinking,10,10,1,ordinal,56,56,1.0000,0.9358,1.0000
opus,cot_thinking,10,10,last,recency,56,56,1.0000,0.9358,1.0000
opus,cot_thinking,10,10,4,ordinal,56,56,1.0000,0.9358,1.0000
opus,cot_thinking,10,10,5,ordinal,56,56,1.0000,0.9358,1.0000
opus,cot_thinking,10,10,3,ordinal,56,56,1.0000,0.9358,1.0000
opus,cot_thinking,10,10,7,ordinal,56,56,1.0000,0.9358,1.0000
opus,cot_thinking,10,10,8,ordinal,56,56,1.0000,0.9358,1.0000
opus,cot_thinking,10,10,2,ordinal,56,56,1.0000,0.9358,1.0000
opus,cot_thinking,10,10,6,ordinal,56,56,1.0000,0.9358,1.0000
opus,cot_thinking,10,10,9,ordinal,56,56,1.0000,0.9358,1.0000
opus,cot_thinking,10,10,10,ordinal,56,56,1.0000,0.9358,1.0000
opus,cot_thinking,5,20,1,ordinal,56,56,1.0000,0.9358,1.0000
opus,cot_thinking,5,20,2,ordinal,56,56,1.0000,0.9358,1.0000
opus,cot_thinking,5,20,6,ordinal,56,56,1.0000,0.9358,1.0000
opus,cot_thinking,5,20,8,ordinal,56,56,1.0000,0.9358,1.0000
opus,cot_thinking,5,20,11,ordinal,56,56,1.0000,0.9358,1.0000
opus,cot_thinking,5,20,10,ordinal,56,56,1.0000,0.9358,1.0000
opus,cot_thinking,5,20,16,ordinal,56,56,1.0000,0.9358,1.0000
opus,cot_thinking,5,20,5,ordinal,56,56,1.0000,0.9358,1.0000
opus,cot_thinking,5,20,7,ordinal,56,56,1.0000,0.9358,1.0000
opus,cot_thinking,5,20,14,ordinal,63,64,0.9844,0.9167,0.9972
opus,cot_thinking,5,20,19,ordinal,56,56,1.0000,0.9358,1.0000
opus,cot_thinking,5,20,4,ordinal,56,56,1.0000,0.9358,1.0000
opus,cot_thinking,5,20,13,ordinal,56,56,1.0000,0.9358,1.0000
opus,cot_thinking,5,20,3,ordinal,56,56,1.0000,0.9358,1.0000
opus,cot_thinking,5,20,last,recency,56,56,1.0000,0.9358,1.0000
opus,cot_thinking,5,20,17,ordinal,56,56,1.0000,0.9358,1.0000
opus,cot_thinking,5,20,20,ordinal,56,56,1.0000,0.9358,1.0000
opus,cot_thinking,10,20,16,ordinal,56,56,1.0000,0.9358,1.0000
opus,cot_thinking,10,20,17,ordinal,56,56,1.0000,0.9358,1.0000
opus,cot_thinking,10,20,19,ordinal,56,56,1.0000,0.9358,1.0000
opus,cot_thinking,10,20,1,ordinal,56,56,1.0000,0.9358,1.0000
opus,cot_thinking,10,20,2,ordinal,56,56,1.0000,0.9358,1.0000
opus,cot_thinking,10,20,6,ordinal,63,64,0.9844,0.9167,0.9972
opus,cot_thinking,10,20,3,ordinal,56,56,1.0000,0.9358,1.0000
opus,cot_thinking,10,20,11,ordinal,56,56,1.0000,0.9358,1.0000
opus,cot_thinking,10,20,13,ordinal,56,56,1.0000,0.9358,1.0000
opus,cot_thinking,10,20,7,ordinal,56,56,1.0000,0.9358,1.0000
opus,cot_thinking,10,20,4,ordinal,56,56,1.0000,0.9358,1.0000
opus,cot_thinking,10,20,5,ordinal,56,56,1.0000,0.9358,1.0000
opus,cot_thinking,10,20,14,ordinal,56,56,1.0000,0.9358,1.0000
opus,cot_thinking,10,20,8,ordinal,56,56,1.0000,0.9358,1.0000
opus,cot_thinking,10,20,10,ordinal,56,56,1.0000,0.9358,1.0000
opus,cot_thinking,10,20,20,ordinal,56,56,1.0000,0.9358,1.0000
opus,cot_thinking,10,20,last,recency,56,56,1.0000,0.9358,1.0000
opus,cot_thinking,5,50,1,ordinal,56,56,1.0000,0.9358,1.0000
opus,cot_thinking,5,50,3,ordinal,56,56,1.0000,0.9358,1.0000
opus,cot_thinking,5,50,8,ordinal,56,56,1.0000,0.9358,1.0000
opus,cot_thinking,5,50,4,ordinal,56,56,1.0000,0.9358,1.0000
opus,cot_thinking,5,50,5,ordinal,56,56,1.0000,0.9358,1.0000
opus,cot_thinking,5,50,37,ordinal,56,56,1.0000,0.9358,1.0000
opus,cot_thinking,5,50,2,ordinal,56,56,1.0000,0.9358,1.0000
opus,cot_thinking,5,50,6,ordinal,56,56,1.0000,0.9358,1.0000
opus,cot_thinking,5,50,49,ordinal,56,56,1.0000,0.9358,1.0000
opus,cot_thinking,5,50,50,ordinal,56,56,1.0000,0.9358,1.0000
opus,cot_thinking,5,50,last,recency,56,56,1.0000,0.9358,1.0000
opus,cot_thinking,5,50,31,ordinal,56,56,1.0000,0.9358,1.0000
opus,cot_thinking,5,50,43,ordinal,56,56,1.0000,0.9358,1.0000
opus,cot_thinking,5,50,7,ordinal,56,56,1.0000,0.9358,1.0000
opus,cot_thinking,5,50,20,ordinal,56,56,1.0000,0.9358,1.0000
opus,cot_thinking,5,50,26,ordinal,56,56,1.0000,0.9358,1.0000
opus,cot_thinking,5,50,14,ordinal,56,56,1.0000,0.9358,1.0000
opus,cot_thinking,10,50,1,ordinal,56,56,1.0000,0.9358,1.0000
opus,cot_thinking,10,50,6,ordinal,56,56,1.0000,0.9358,1.0000
opus,cot_thinking,10,50,14,ordinal,56,56,1.0000,0.9358,1.0000
opus,cot_thinking,10,50,8,ordinal,56,56,1.0000,0.9358,1.0000
opus,cot_thinking,10,50,7,ordinal,56,56,1.0000,0.9358,1.0000
opus,cot_thinking,10,50,5,ordinal,56,56,1.0000,0.9358,1.0000
opus,cot_thinking,10,50,49,ordinal,70,72,0.9722,0.9043,0.9923
opus,cot_thinking,10,50,3,ordinal,56,56,1.0000,0.9358,1.0000
opus,cot_thinking,10,50,31,ordinal,70,72,0.9722,0.9043,0.9923
opus,cot_thinking,10,50,20,ordinal,63,64,0.9844,0.9167,0.9972
opus,cot_thinking,10,50,4,ordinal,56,56,1.0000,0.9358,1.0000
opus,cot_thinking,10,50,37,ordinal,63,64,0.9844,0.9167,0.9972
opus,cot_thinking,10,50,43,ordinal,63,64,0.9844,0.9167,0.9972
opus,cot_thinking,10,50,2,ordinal,56,56,1.0000,0.9358,1.0000
opus,cot_thinking,10,50,50,ordinal,56,56,1.0000,0.9358,1.0000
opus,cot_thinking,10,50,26,ordinal,56,56,1.0000,0.9358,1.0000
opus,cot_thinking,10,50,last,recency,56,56,1.0000,0.9358,1.0000
