model,model_family,variant,schedule,ckpt_step,split,breakdown,bucket,accuracy,n_trials,n_correct,provenance_tier,source_file,notes
gpt2-small,GPT-2,scratch_cosine,cosine,28000,train,overall,,0.8004901960784314,40800,32660,raw,synthetic_scratch_training/05_gpt2_scratch_h100/results/h100_cosine/final_eval.json,chance 0.10
gpt2-small,GPT-2,scratch_cosine,cosine,28000,train,by_role,first,0.9090277777777778,7200,6545,raw,synthetic_scratch_training/05_gpt2_scratch_h100/results/h100_cosine/final_eval.json,chance 0.10
gpt2-small,GPT-2,scratch_cosine,cosine,28000,train,by_role,last,0.86125,7200,6201,raw,synthetic_scratch_training/05_gpt2_scratch_h100/results/h100_cosine/final_eval.json,chance 0.10
gpt2-small,GPT-2,scratch_cosine,cosine,28000,train,by_role,intermediate,0.7543181818181818,26400,19914,raw,synthetic_scratch_training/05_gpt2_scratch_h100/results/h100_cosine/final_eval.json,chance 0.10
gpt2-small,GPT-2,scratch_cosine,cosine,28000,train,by_step,2,0.8969444444444444,3600,3229,raw,synthetic_scratch_training/05_gpt2_scratch_h100/results/h100_cosine/final_eval.json,chance 0.10
gpt2-small,GPT-2,scratch_cosine,cosine,28000,train,by_step,3,0.8618333333333333,6000,5171,raw,synthetic_scratch_training/05_gpt2_scratch_h100/results/h100_cosine/final_eval.json,chance 0.10
gpt2-small,GPT-2,scratch_cosine,cosine,28000,train,by_step,4,0.9391666666666667,2400,2254,raw,synthetic_scratch_training/05_gpt2_scratch_h100/results/h100_cosine/final_eval.json,chance 0.10
gpt2-small,GPT-2,scratch_cosine,cosine,28000,train,by_step,5,0.7283333333333334,3600,2622,raw,synthetic_scratch_training/05_gpt2_scratch_h100/results/h100_cosine/final_eval.json,chance 0.10
gpt2-small,GPT-2,scratch_cosine,cosine,28000,train,by_step,6,0.6475,2400,1554,raw,synthetic_scratch_training/05_gpt2_scratch_h100/results/h100_cosine/final_eval.json,chance 0.10
gpt2-small,GPT-2,scratch_cosine,cosine,28000,train,by_step,7,0.6686111111111112,3600,2407,raw,synthetic_scratch_training/05_gpt2_scratch_h100/results/h100_cosine/final_eval.json,chance 0.10
gpt2-small,GPT-2,scratch_cosine,cosine,28000,train,by_step,8,0.5908333333333333,1200,709,raw,synthetic_scratch_training/05_gpt2_scratch_h100/results/h100_cosine/final_eval.json,chance 0.10
gpt2-small,GPT-2,scratch_cosine,cosine,28000,train,by_step,9,0.5575,1200,669,raw,synthetic_scratch_training/05_gpt2_scratch_h100/results/h100_cosine/final_eval.json,chance 0.10
gpt2-small,GPT-2,scratch_cosine,cosine,28000,train,by_step,10,0.5366666666666666,1200,644,raw,synthetic_scratch_training/05_gpt2_scratch_h100/results/h100_cosine/final_eval.json,chance 0.10
gpt2-small,GPT-2,scratch_cosine,cosine,28000,train,by_step,11,0.5458333333333333,1200,655,raw,synthetic_scratch_training/05_gpt2_scratch_h100/results/h100_cosine/final_eval.json,chance 0.10
gpt2-small,GPT-2,scratch_cosine,cosine,28000,train,by_cell,K2_N2,1.0,400,400,raw,synthetic_scratch_training/05_gpt2_scratch_h100/results/h100_cosine/final_eval.json,chance 0.10
gpt2-small,GPT-2,scratch_cosine,cosine,28000,train,by_cell,K2_N4,0.99875,800,799,raw,synthetic_scratch_training/05_gpt2_scratch_h100/results/h100_cosine/final_eval.json,chance 0.10
gpt2-small,GPT-2,scratch_cosine,cosine,28000,train,by_cell,K2_N6,1.0,1000,1000,raw,synthetic_scratch_training/05_gpt2_scratch_h100/results/h100_cosine/final_eval.json,chance 0.10
gpt2-small,GPT-2,scratch_cosine,cosine,28000,train,by_cell,K2_N8,1.0,1200,1200,raw,synthetic_scratch_training/05_gpt2_scratch_h100/results/h100_cosine/final_eval.json,chance 0.10
gpt2-small,GPT-2,scratch_cosine,cosine,28000,train,by_cell,K2_N10,1.0,1400,1400,raw,synthetic_scratch_training/05_gpt2_scratch_h100/results/h100_cosine/final_eval.json,chance 0.10
gpt2-small,GPT-2,scratch_cosine,cosine,28000,train,by_cell,K2_N12,0.9955,2000,1991,raw,synthetic_scratch_training/05_gpt2_scratch_h100/results/h100_cosine/final_eval.json,chance 0.10
gpt2-small,GPT-2,scratch_cosine,cosine,28000,train,by_cell,K4_N2,1.0,400,400,raw,synthetic_scratch_training/05_gpt2_scratch_h100/results/h100_cosine/final_eval.json,chance 0.10
gpt2-small,GPT-2,scratch_cosine,cosine,28000,train,by_cell,K4_N4,0.99875,800,799,raw,synthetic_scratch_training/05_gpt2_scratch_h100/results/h100_cosine/final_eval.json,chance 0.10
gpt2-small,GPT-2,scratch_cosine,cosine,28000,train,by_cell,K4_N6,0.993,1000,993,raw,synthetic_scratch_training/05_gpt2_scratch_h100/results/h100_cosine/final_eval.json,chance 0.10
gpt2-small,GPT-2,scratch_cosine,cosine,28000,train,by_cell,K4_N8,0.9875,1200,1185,raw,synthetic_scratch_training/05_gpt2_scratch_h100/results/h100_cosine/final_eval.json,chance 0.10
gpt2-small,GPT-2,scratch_cosine,cosine,28000,train,by_cell,K4_N10,0.9635714285714285,1400,1349,raw,synthetic_scratch_training/05_gpt2_scratch_h100/results/h100_cosine/final_eval.json,chance 0.10
gpt2-small,GPT-2,scratch_cosine,cosine,28000,train,by_cell,K4_N12,0.9245,2000,1849,raw,synthetic_scratch_training/05_gpt2_scratch_h100/results/h100_cosine/final_eval.json,chance 0.10
gpt2-small,GPT-2,scratch_cosine,cosine,28000,train,by_cell,K6_N2,1.0,400,400,raw,synthetic_scratch_training/05_gpt2_scratch_h100/results/h100_cosine/final_eval.json,chance 0.10
gpt2-small,GPT-2,scratch_cosine,cosine,28000,train,by_cell,K6_N4,0.9975,800,798,raw,synthetic_scratch_training/05_gpt2_scratch_h100/results/h100_cosine/final_eval.json,chance 0.10
gpt2-small,GPT-2,scratch_cosine,cosine,28000,train,by_cell,K6_N6,0.992,1000,992,raw,synthetic_scratch_training/05_gpt2_scratch_h100/results/h100_cosine/final_eval.json,chance 0.10
gpt2-small,GPT-2,scratch_cosine,cosine,28000,train,by_cell,K6_N8,0.9633333333333334,1200,1156,raw,synthetic_scratch_training/05_gpt2_scratch_h100/results/h100_cosine/final_eval.json,chance 0.10
gpt2-small,GPT-2,scratch_cosine,cosine,28000,train,by_cell,K6_N10,0.9021428571428571,1400,1263,raw,synthetic_scratch_training/05_gpt2_scratch_h100/results/h100_cosine/final_eval.json,chance 0.10
gpt2-small,GPT-2,scratch_cosine,cosine,28000,train,by_cell,K6_N12,0.836,2000,1672,raw,synthetic_scratch_training/05_gpt2_scratch_h100/results/h100_cosine/final_eval.json,chance 0.10
gpt2-small,GPT-2,scratch_cosine,cosine,28000,train,by_cell,K8_N2,1.0,400,400,raw,synthetic_scratch_training/05_gpt2_scratch_h100/results/h100_cosine/final_eval.json,chance 0.10
gpt2-small,GPT-2,scratch_cosine,cosine,28000,train,by_cell,K8_N4,0.995,800,796,raw,synthetic_scratch_training/05_gpt2_scratch_h100/results/h100_cosine/final_eval.json,chance 0.10
gpt2-small,GPT-2,scratch_cosine,cosine,28000,train,by_cell,K8_N6,0.981,1000,981,raw,synthetic_scratch_training/05_gpt2_scratch_h100/results/h100_cosine/final_eval.json,chance 0.10
gpt2-small,GPT-2,scratch_cosine,cosine,28000,train,by_cell,K8_N8,0.9058333333333334,1200,1087,raw,synthetic_scratch_training/05_gpt2_scratch_h100/results/h100_cosine/final_eval.json,chance 0.10
gpt2-small,GPT-2,scratch_cosine,cosine,28000,train,by_cell,K8_N10,0.7942857142857143,1400,1112,raw,synthetic_scratch_training/05_gpt2_scratch_h100/results/h100_cosine/final_eval.json,chance 0.10
gpt2-small,GPT-2,scratch_cosine,cosine,28000,train,by_cell,K8_N12,0.705,2000,1410,raw,synthetic_scratch_training/05_gpt2_scratch_h100/results/h100_cosine/final_eval.json,chance 0.10
gpt2-small,GPT-2,scratch_cosine,cosine,28000,train,by_cell,K10_N2,1.0,400,400,raw,synthetic_scratch_training/05_gpt2_scratch_h100/results/h100_cosine/final_eval.json,chance 0.10
gpt2-small,GPT-2,scratch_cosine,cosine,28000,train,by_cell,K10_N4,0.98375,800,787,raw,synthetic_scratch_training/05_gpt2_scratch_h100/results/h100_cosine/final_eval.json,chance 0.10
gpt2-small,GPT-2,scratch_cosine,cosine,28000,train,by_cell,K10_N6,0.94,1000,940,raw,synthetic_scratch_training/05_gpt2_scratch_h100/results/h100_cosine/final_eval.json,chance 0.10
gpt2-small,GPT-2,scratch_cosine,cosine,28000,train,by_cell,K10_N8,0.8133333333333334,1200,976,raw,synthetic_scratch_training/05_gpt2_scratch_h100/results/h100_cosine/final_eval.json,chance 0.10
gpt2-small,GPT-2,scratch_cosine,cosine,28000,train,by_cell,K10_N10,0.18428571428571427,1400,258,raw,synthetic_scratch_training/05_gpt2_scratch_h100/results/h100_cosine/final_eval.json,chance 0.10
gpt2-small,GPT-2,scratch_cosine,cosine,28000,train,by_cell,K10_N12,0.172,2000,344,raw,synthetic_scratch_training/05_gpt2_scratch_h100/results/h100_cosine/final_eval.json,chance 0.10
gpt2-small,GPT-2,scratch_cosine,cosine,28000,train,by_cell,K12_N2,1.0,400,400,raw,synthetic_scratch_training/05_gpt2_scratch_h100/results/h100_cosine/final_eval.json,chance 0.10
gpt2-small,GPT-2,scratch_cosine,cosine,28000,train,by_cell,K12_N4,0.95625,800,765,raw,synthetic_scratch_training/05_gpt2_scratch_h100/results/h100_cosine/final_eval.json,chance 0.10
gpt2-small,GPT-2,scratch_cosine,cosine,28000,train,by_cell,K12_N6,0.895,1000,895,raw,synthetic_scratch_training/05_gpt2_scratch_h100/results/h100_cosine/final_eval.json,chance 0.10
gpt2-small,GPT-2,scratch_cosine,cosine,28000,train,by_cell,K12_N8,0.7516666666666667,1200,902,raw,synthetic_scratch_training/05_gpt2_scratch_h100/results/h100_cosine/final_eval.json,chance 0.10
gpt2-small,GPT-2,scratch_cosine,cosine,28000,train,by_cell,K12_N10,0.16142857142857142,1400,226,raw,synthetic_scratch_training/05_gpt2_scratch_h100/results/h100_cosine/final_eval.json,chance 0.10
gpt2-small,GPT-2,scratch_cosine,cosine,28000,train,by_cell,K12_N12,0.1675,2000,335,raw,synthetic_scratch_training/05_gpt2_scratch_h100/results/h100_cosine/final_eval.json,chance 0.10
gpt2-small,GPT-2,scratch_cosine,cosine,28000,train,by_duplicate,True,0.7641898620133719,21089,16116,raw,synthetic_scratch_training/05_gpt2_scratch_h100/results/h100_cosine/final_eval.json,"chance 0.10; True = the target value also occurs elsewhere in the queried key's history, so a 'most frequent value' shortcut can score; False is the shortcut-free measure"
gpt2-small,GPT-2,scratch_cosine,cosine,28000,train,by_duplicate,False,0.8393282938460758,19711,16544,raw,synthetic_scratch_training/05_gpt2_scratch_h100/results/h100_cosine/final_eval.json,"chance 0.10; True = the target value also occurs elsewhere in the queried key's history, so a 'most frequent value' shortcut can score; False is the shortcut-free measure"
gpt2-small,GPT-2,scratch_cosine,cosine,28000,held_out,overall,,0.6325,24000,15180,raw,synthetic_scratch_training/05_gpt2_scratch_h100/results/h100_cosine/final_eval.json,chance 0.10
gpt2-small,GPT-2,scratch_cosine,cosine,28000,held_out,by_role,intermediate,0.6325,24000,15180,raw,synthetic_scratch_training/05_gpt2_scratch_h100/results/h100_cosine/final_eval.json,chance 0.10
gpt2-small,GPT-2,scratch_cosine,cosine,28000,held_out,by_step,2,0.8488333333333333,6000,5093,raw,synthetic_scratch_training/05_gpt2_scratch_h100/results/h100_cosine/final_eval.json,chance 0.10
gpt2-small,GPT-2,scratch_cosine,cosine,28000,held_out,by_step,4,0.6031666666666666,6000,3619,raw,synthetic_scratch_training/05_gpt2_scratch_h100/results/h100_cosine/final_eval.json,chance 0.10
gpt2-small,GPT-2,scratch_cosine,cosine,28000,held_out,by_step,5,0.7676666666666667,3000,2303,raw,synthetic_scratch_training/05_gpt2_scratch_h100/results/h100_cosine/final_eval.json,chance 0.10
gpt2-small,GPT-2,scratch_cosine,cosine,28000,held_out,by_step,6,0.5493333333333333,3000,1648,raw,synthetic_scratch_training/05_gpt2_scratch_h100/results/h100_cosine/final_eval.json,chance 0.10
gpt2-small,GPT-2,scratch_cosine,cosine,28000,held_out,by_step,8,0.3,3000,900,raw,synthetic_scratch_training/05_gpt2_scratch_h100/results/h100_cosine/final_eval.json,chance 0.10
gpt2-small,GPT-2,scratch_cosine,cosine,28000,held_out,by_step,9,0.539,3000,1617,raw,synthetic_scratch_training/05_gpt2_scratch_h100/results/h100_cosine/final_eval.json,chance 0.10
gpt2-small,GPT-2,scratch_cosine,cosine,28000,held_out,by_cell,K2_N6,1.0,500,500,raw,synthetic_scratch_training/05_gpt2_scratch_h100/results/h100_cosine/final_eval.json,chance 0.10
gpt2-small,GPT-2,scratch_cosine,cosine,28000,held_out,by_cell,K2_N8,0.594,1000,594,raw,synthetic_scratch_training/05_gpt2_scratch_h100/results/h100_cosine/final_eval.json,chance 0.10
gpt2-small,GPT-2,scratch_cosine,cosine,28000,held_out,by_cell,K2_N10,0.956,1500,1434,raw,synthetic_scratch_training/05_gpt2_scratch_h100/results/h100_cosine/final_eval.json,chance 0.10
gpt2-small,GPT-2,scratch_cosine,cosine,28000,held_out,by_cell,K2_N12,0.742,1000,742,raw,synthetic_scratch_training/05_gpt2_scratch_h100/results/h100_cosine/final_eval.json,chance 0.10
gpt2-small,GPT-2,scratch_cosine,cosine,28000,held_out,by_cell,K4_N6,0.924,500,462,raw,synthetic_scratch_training/05_gpt2_scratch_h100/results/h100_cosine/final_eval.json,chance 0.10
gpt2-small,GPT-2,scratch_cosine,cosine,28000,held_out,by_cell,K4_N8,0.884,1000,884,raw,synthetic_scratch_training/05_gpt2_scratch_h100/results/h100_cosine/final_eval.json,chance 0.10
gpt2-small,GPT-2,scratch_cosine,cosine,28000,held_out,by_cell,K4_N10,0.8146666666666667,1500,1222,raw,synthetic_scratch_training/05_gpt2_scratch_h100/results/h100_cosine/final_eval.json,chance 0.10
gpt2-small,GPT-2,scratch_cosine,cosine,28000,held_out,by_cell,K4_N12,0.546,1000,546,raw,synthetic_scratch_training/05_gpt2_scratch_h100/results/h100_cosine/final_eval.json,chance 0.10
gpt2-small,GPT-2,scratch_cosine,cosine,28000,held_out,by_cell,K6_N6,0.446,500,223,raw,synthetic_scratch_training/05_gpt2_scratch_h100/results/h100_cosine/final_eval.json,chance 0.10
gpt2-small,GPT-2,scratch_cosine,cosine,28000,held_out,by_cell,K6_N8,0.792,1000,792,raw,synthetic_scratch_training/05_gpt2_scratch_h100/results/h100_cosine/final_eval.json,chance 0.10
gpt2-small,GPT-2,scratch_cosine,cosine,28000,held_out,by_cell,K6_N10,0.8066666666666666,1500,1210,raw,synthetic_scratch_training/05_gpt2_scratch_h100/results/h100_cosine/final_eval.json,chance 0.10
gpt2-small,GPT-2,scratch_cosine,cosine,28000,held_out,by_cell,K6_N12,0.673,1000,673,raw,synthetic_scratch_training/05_gpt2_scratch_h100/results/h100_cosine/final_eval.json,chance 0.10
gpt2-small,GPT-2,scratch_cosine,cosine,28000,held_out,by_cell,K8_N6,0.922,500,461,raw,synthetic_scratch_training/05_gpt2_scratch_h100/results/h100_cosine/final_eval.json,chance 0.10
gpt2-small,GPT-2,scratch_cosine,cosine,28000,held_out,by_cell,K8_N8,0.812,1000,812,raw,synthetic_scratch_training/05_gpt2_scratch_h100/results/h100_cosine/final_eval.json,chance 0.10
gpt2-small,GPT-2,scratch_cosine,cosine,28000,held_out,by_cell,K8_N10,0.8173333333333334,1500,1226,raw,synthetic_scratch_training/05_gpt2_scratch_h100/results/h100_cosine/final_eval.json,chance 0.10
gpt2-small,GPT-2,scratch_cosine,cosine,28000,held_out,by_cell,K8_N12,0.471,1000,471,raw,synthetic_scratch_training/05_gpt2_scratch_h100/results/h100_cosine/final_eval.json,chance 0.10
gpt2-small,GPT-2,scratch_cosine,cosine,28000,held_out,by_cell,K10_N6,0.722,500,361,raw,synthetic_scratch_training/05_gpt2_scratch_h100/results/h100_cosine/final_eval.json,chance 0.10
gpt2-small,GPT-2,scratch_cosine,cosine,28000,held_out,by_cell,K10_N8,0.771,1000,771,raw,synthetic_scratch_training/05_gpt2_scratch_h100/results/h100_cosine/final_eval.json,chance 0.10
gpt2-small,GPT-2,scratch_cosine,cosine,28000,held_out,by_cell,K10_N10,0.16933333333333334,1500,254,raw,synthetic_scratch_training/05_gpt2_scratch_h100/results/h100_cosine/final_eval.json,chance 0.10
gpt2-small,GPT-2,scratch_cosine,cosine,28000,held_out,by_cell,K10_N12,0.152,1000,152,raw,synthetic_scratch_training/05_gpt2_scratch_h100/results/h100_cosine/final_eval.json,chance 0.10
gpt2-small,GPT-2,scratch_cosine,cosine,28000,held_out,by_cell,K12_N6,0.592,500,296,raw,synthetic_scratch_training/05_gpt2_scratch_h100/results/h100_cosine/final_eval.json,chance 0.10
gpt2-small,GPT-2,scratch_cosine,cosine,28000,held_out,by_cell,K12_N8,0.727,1000,727,raw,synthetic_scratch_training/05_gpt2_scratch_h100/results/h100_cosine/final_eval.json,chance 0.10
gpt2-small,GPT-2,scratch_cosine,cosine,28000,held_out,by_cell,K12_N10,0.15,1500,225,raw,synthetic_scratch_training/05_gpt2_scratch_h100/results/h100_cosine/final_eval.json,chance 0.10
gpt2-small,GPT-2,scratch_cosine,cosine,28000,held_out,by_cell,K12_N12,0.142,1000,142,raw,synthetic_scratch_training/05_gpt2_scratch_h100/results/h100_cosine/final_eval.json,chance 0.10
gpt2-small,GPT-2,scratch_cosine,cosine,28000,held_out,by_duplicate,True,0.6395490773318016,13927,8907,raw,synthetic_scratch_training/05_gpt2_scratch_h100/results/h100_cosine/final_eval.json,"chance 0.10; True = the target value also occurs elsewhere in the queried key's history, so a 'most frequent value' shortcut can score; False is the shortcut-free measure"
gpt2-small,GPT-2,scratch_cosine,cosine,28000,held_out,by_duplicate,False,0.6227538965551475,10073,6273,raw,synthetic_scratch_training/05_gpt2_scratch_h100/results/h100_cosine/final_eval.json,"chance 0.10; True = the target value also occurs elsewhere in the queried key's history, so a 'most frequent value' shortcut can score; False is the shortcut-free measure"
