model_short,model_full,num_keys,num_updates,n_trials,regime,RI_acc,RI_ci_lower,RI_ci_upper,RI_n_failures,RI_n_garbage,PI_acc,PI_ci_lower,PI_ci_upper,PI_n_failures,PI_n_garbage,gap_PI_minus_RI
Qwen2.5-0.5B-Instruct,Qwen/Qwen2.5-0.5B-Instruct,2,5,100,C,0.74,0.66,0.82,26,21,0.34,0.25,0.44,66,18,-0.4
Qwen2.5-0.5B-Instruct,Qwen/Qwen2.5-0.5B-Instruct,2,7,100,C,0.73,0.64,0.81,27,23,0.22,0.14,0.31,78,19,-0.51
Qwen2.5-0.5B-Instruct,Qwen/Qwen2.5-0.5B-Instruct,2,10,100,C,0.76,0.67,0.84,24,18,0.21,0.13,0.29,79,23,-0.55
Qwen2.5-0.5B-Instruct,Qwen/Qwen2.5-0.5B-Instruct,2,15,100,C,0.87,0.8,0.93,13,12,0.17,0.1,0.25,83,30,-0.7
Qwen2.5-0.5B-Instruct,Qwen/Qwen2.5-0.5B-Instruct,2,20,100,C,0.74,0.65,0.82,26,25,0.08,0.03,0.14,92,37,-0.66
Qwen2.5-0.5B-Instruct,Qwen/Qwen2.5-0.5B-Instruct,2,30,100,C,0.79,0.71,0.87,21,21,0.05,0.01,0.1,95,50,-0.74
Qwen2.5-0.5B-Instruct,Qwen/Qwen2.5-0.5B-Instruct,2,50,100,C,0.72,0.63,0.8,28,26,0.1,0.05,0.16,90,47,-0.62
Qwen2.5-0.5B-Instruct,Qwen/Qwen2.5-0.5B-Instruct,2,75,100,C,0.65,0.56,0.74,35,33,0.02,0.0,0.05,98,57,-0.63
Qwen2.5-0.5B-Instruct,Qwen/Qwen2.5-0.5B-Instruct,2,100,100,C,0.57,0.47,0.67,43,41,0.01,0.0,0.03,99,61,-0.56
Qwen2.5-0.5B-Instruct,Qwen/Qwen2.5-0.5B-Instruct,3,5,100,C,0.69,0.6,0.78,31,19,0.41,0.31,0.51,59,20,-0.28
Qwen2.5-0.5B-Instruct,Qwen/Qwen2.5-0.5B-Instruct,3,7,100,C,0.71,0.62,0.8,29,23,0.27,0.18,0.36,73,17,-0.44
Qwen2.5-0.5B-Instruct,Qwen/Qwen2.5-0.5B-Instruct,3,10,100,C,0.67,0.58,0.76,33,28,0.22,0.14,0.3,78,26,-0.45
Qwen2.5-0.5B-Instruct,Qwen/Qwen2.5-0.5B-Instruct,3,15,100,C,0.64,0.55,0.73,36,32,0.21,0.13,0.29,79,28,-0.43
Qwen2.5-0.5B-Instruct,Qwen/Qwen2.5-0.5B-Instruct,3,20,100,C,0.67,0.58,0.76,33,30,0.13,0.07,0.19,87,37,-0.54
Qwen2.5-0.5B-Instruct,Qwen/Qwen2.5-0.5B-Instruct,3,30,100,C,0.64,0.5498,0.73,36,30,0.09,0.04,0.15,91,38,-0.55
Qwen2.5-0.5B-Instruct,Qwen/Qwen2.5-0.5B-Instruct,3,50,100,C,0.49,0.3998,0.59,51,47,0.04,0.01,0.08,96,64,-0.45
Qwen2.5-0.5B-Instruct,Qwen/Qwen2.5-0.5B-Instruct,3,75,100,C,0.54,0.44,0.63,46,41,0.01,0.0,0.03,99,62,-0.53
Qwen2.5-0.5B-Instruct,Qwen/Qwen2.5-0.5B-Instruct,3,100,100,C,0.54,0.44,0.63,46,38,0.0,0.0,0.0,100,59,-0.54
Qwen2.5-0.5B-Instruct,Qwen/Qwen2.5-0.5B-Instruct,5,5,100,C,0.58,0.48,0.67,42,32,0.3,0.21,0.4,70,21,-0.28
Qwen2.5-0.5B-Instruct,Qwen/Qwen2.5-0.5B-Instruct,5,7,100,C,0.59,0.49,0.69,41,32,0.33,0.24,0.42,67,26,-0.26
Qwen2.5-0.5B-Instruct,Qwen/Qwen2.5-0.5B-Instruct,5,10,100,C,0.57,0.47,0.67,43,33,0.18,0.11,0.26,82,28,-0.39
Qwen2.5-0.5B-Instruct,Qwen/Qwen2.5-0.5B-Instruct,5,15,100,C,0.62,0.53,0.71,38,31,0.2,0.13,0.28,80,42,-0.42
Qwen2.5-0.5B-Instruct,Qwen/Qwen2.5-0.5B-Instruct,5,20,100,C,0.59,0.49,0.68,41,39,0.11,0.05,0.17,89,42,-0.48
Qwen2.5-0.5B-Instruct,Qwen/Qwen2.5-0.5B-Instruct,5,30,100,C,0.51,0.4098,0.61,49,45,0.05,0.01,0.1,95,52,-0.46
Qwen2.5-0.5B-Instruct,Qwen/Qwen2.5-0.5B-Instruct,5,50,100,C,0.55,0.45,0.65,45,39,0.03,0.0,0.07,97,42,-0.52
Qwen2.5-0.5B-Instruct,Qwen/Qwen2.5-0.5B-Instruct,5,75,100,C,0.34,0.25,0.44,66,63,0.0,0.0,0.0,100,65,-0.34
Qwen2.5-0.5B-Instruct,Qwen/Qwen2.5-0.5B-Instruct,5,100,100,C,0.26,0.18,0.35,74,66,0.01,0.0,0.03,99,69,-0.25
Qwen2.5-0.5B-Instruct,Qwen/Qwen2.5-0.5B-Instruct,7,5,100,C,0.64,0.55,0.74,36,29,0.25,0.17,0.34,75,29,-0.39
Qwen2.5-0.5B-Instruct,Qwen/Qwen2.5-0.5B-Instruct,7,7,100,C,0.55,0.45,0.65,45,35,0.29,0.21,0.38,71,31,-0.26
Qwen2.5-0.5B-Instruct,Qwen/Qwen2.5-0.5B-Instruct,7,10,100,C,0.51,0.41,0.61,49,38,0.21,0.13,0.29,79,29,-0.3
Qwen2.5-0.5B-Instruct,Qwen/Qwen2.5-0.5B-Instruct,7,15,100,C,0.5,0.4,0.6,50,45,0.09,0.04,0.15,91,37,-0.41
Qwen2.5-0.5B-Instruct,Qwen/Qwen2.5-0.5B-Instruct,7,20,100,C,0.42,0.33,0.51,58,52,0.1,0.0498,0.16,90,43,-0.32
Qwen2.5-0.5B-Instruct,Qwen/Qwen2.5-0.5B-Instruct,7,30,100,C,0.43,0.33,0.53,57,49,0.02,0.0,0.05,98,59,-0.41
Qwen2.5-0.5B-Instruct,Qwen/Qwen2.5-0.5B-Instruct,7,50,100,C,0.35,0.26,0.45,65,59,0.0,0.0,0.0,100,75,-0.35
Qwen2.5-0.5B-Instruct,Qwen/Qwen2.5-0.5B-Instruct,7,75,100,B,0.19,0.12,0.27,81,68,0.02,0.0,0.05,98,62,-0.17
Qwen2.5-0.5B-Instruct,Qwen/Qwen2.5-0.5B-Instruct,7,100,100,B,0.18,0.11,0.26,82,71,0.01,0.0,0.03,99,74,-0.17
Qwen2.5-0.5B-Instruct,Qwen/Qwen2.5-0.5B-Instruct,10,5,100,C,0.61,0.51,0.71,39,27,0.27,0.19,0.36,73,21,-0.34
Qwen2.5-0.5B-Instruct,Qwen/Qwen2.5-0.5B-Instruct,10,7,100,C,0.56,0.47,0.66,44,32,0.2,0.12,0.28,80,33,-0.36
Qwen2.5-0.5B-Instruct,Qwen/Qwen2.5-0.5B-Instruct,10,10,100,C,0.54,0.44,0.64,46,37,0.17,0.1,0.25,83,33,-0.37
Qwen2.5-0.5B-Instruct,Qwen/Qwen2.5-0.5B-Instruct,10,15,100,C,0.45,0.35,0.54,55,47,0.07,0.02,0.12,93,35,-0.38
Qwen2.5-0.5B-Instruct,Qwen/Qwen2.5-0.5B-Instruct,10,20,100,C,0.31,0.22,0.4,69,62,0.01,0.0,0.04,99,46,-0.3
Qwen2.5-0.5B-Instruct,Qwen/Qwen2.5-0.5B-Instruct,10,30,100,B,0.29,0.2,0.38,71,61,0.04,0.01,0.08,96,56,-0.25
Qwen2.5-0.5B-Instruct,Qwen/Qwen2.5-0.5B-Instruct,10,50,100,B,0.23,0.15,0.31,77,71,0.01,0.0,0.03,99,71,-0.22
Qwen2.5-0.5B-Instruct,Qwen/Qwen2.5-0.5B-Instruct,10,75,100,AB,0.09,0.04,0.15,91,77,0.01,0.0,0.03,99,79,-0.08
Qwen2.5-0.5B-Instruct,Qwen/Qwen2.5-0.5B-Instruct,15,5,100,C,0.47,0.37,0.57,53,48,0.18,0.11,0.25,82,35,-0.29
Qwen2.5-0.5B-Instruct,Qwen/Qwen2.5-0.5B-Instruct,15,7,100,C,0.54,0.44,0.64,46,39,0.12,0.06,0.19,88,31,-0.42
Qwen2.5-0.5B-Instruct,Qwen/Qwen2.5-0.5B-Instruct,15,10,100,C,0.36,0.27,0.45,64,57,0.06,0.02,0.11,94,38,-0.3
Qwen2.5-0.5B-Instruct,Qwen/Qwen2.5-0.5B-Instruct,15,15,100,C,0.42,0.32,0.52,58,53,0.04,0.01,0.08,96,60,-0.38
Qwen2.5-0.5B-Instruct,Qwen/Qwen2.5-0.5B-Instruct,15,20,100,C,0.3,0.22,0.39,70,52,0.03,0.0,0.07,97,51,-0.27
Qwen2.5-0.5B-Instruct,Qwen/Qwen2.5-0.5B-Instruct,15,30,100,C,0.26,0.18,0.34,74,67,0.01,0.0,0.03,99,70,-0.25
Qwen2.5-0.5B-Instruct,Qwen/Qwen2.5-0.5B-Instruct,15,50,100,AB,0.11,0.05,0.18,89,79,0.0,0.0,0.0,100,76,-0.11
Qwen2.5-0.5B-Instruct,Qwen/Qwen2.5-0.5B-Instruct,15,75,100,AB,0.12,0.06,0.19,88,84,0.03,0.0,0.07,97,87,-0.09
Qwen2.5-0.5B-Instruct,Qwen/Qwen2.5-0.5B-Instruct,15,100,100,A,0.06,0.02,0.11,94,83,0.03,0.0,0.07,97,81,-0.03
Qwen2.5-0.5B-Instruct,Qwen/Qwen2.5-0.5B-Instruct,20,5,100,C,0.42,0.32,0.51,58,51,0.1,0.04,0.16,90,33,-0.32
Qwen2.5-0.5B-Instruct,Qwen/Qwen2.5-0.5B-Instruct,20,7,100,C,0.39,0.29,0.49,61,52,0.09,0.04,0.15,91,45,-0.3
Qwen2.5-0.5B-Instruct,Qwen/Qwen2.5-0.5B-Instruct,20,10,100,C,0.37,0.27,0.47,63,55,0.03,0.0,0.06,97,56,-0.34
Qwen2.5-0.5B-Instruct,Qwen/Qwen2.5-0.5B-Instruct,20,15,100,C,0.29,0.21,0.38,71,67,0.02,0.0,0.05,98,58,-0.27
Qwen2.5-0.5B-Instruct,Qwen/Qwen2.5-0.5B-Instruct,20,20,100,B,0.25,0.17,0.34,75,69,0.02,0.0,0.05,98,63,-0.23
Qwen2.5-0.5B-Instruct,Qwen/Qwen2.5-0.5B-Instruct,20,30,100,AB,0.11,0.05,0.17,89,81,0.01,0.0,0.0302,99,73,-0.1
Qwen2.5-0.5B-Instruct,Qwen/Qwen2.5-0.5B-Instruct,20,50,100,D,0.03,0.0,0.07,97,84,0.04,0.01,0.08,96,83,0.01
Qwen2.5-0.5B-Instruct,Qwen/Qwen2.5-0.5B-Instruct,20,75,100,D,0.04,0.01,0.08,96,86,0.05,0.01,0.1,95,82,0.01
Qwen2.5-0.5B-Instruct,Qwen/Qwen2.5-0.5B-Instruct,20,100,100,B,0.24,0.15,0.32,76,51,0.07,0.02,0.13,93,66,-0.17
Qwen2.5-0.5B-Instruct,Qwen/Qwen2.5-0.5B-Instruct,25,5,100,B,0.37,0.28,0.47,63,57,0.13,0.07,0.2,87,50,-0.24
Qwen2.5-0.5B-Instruct,Qwen/Qwen2.5-0.5B-Instruct,25,7,100,B,0.29,0.2,0.38,71,64,0.06,0.02,0.11,94,46,-0.23
Qwen2.5-0.5B-Instruct,Qwen/Qwen2.5-0.5B-Instruct,25,10,100,C,0.33,0.24,0.42,67,60,0.03,0.0,0.07,97,52,-0.3
Qwen2.5-0.5B-Instruct,Qwen/Qwen2.5-0.5B-Instruct,25,15,100,AB,0.11,0.05,0.18,89,82,0.03,0.0,0.07,97,57,-0.08
Qwen2.5-0.5B-Instruct,Qwen/Qwen2.5-0.5B-Instruct,25,20,100,AB,0.21,0.13,0.29,79,70,0.07,0.02,0.12,93,60,-0.14
Qwen2.5-0.5B-Instruct,Qwen/Qwen2.5-0.5B-Instruct,25,30,100,AB,0.08,0.03,0.14,92,82,0.0,0.0,0.0,100,75,-0.08
Qwen2.5-0.5B-Instruct,Qwen/Qwen2.5-0.5B-Instruct,25,50,100,AB,0.11,0.05,0.18,89,79,0.02,0.0,0.05,98,83,-0.09
Qwen2.5-0.5B-Instruct,Qwen/Qwen2.5-0.5B-Instruct,25,75,100,AB,0.16,0.1,0.24,84,65,0.03,0.0,0.07,97,74,-0.13
Qwen2.5-0.5B-Instruct,Qwen/Qwen2.5-0.5B-Instruct,30,5,100,C,0.31,0.22,0.4,69,63,0.06,0.02,0.11,94,50,-0.25
Qwen2.5-0.5B-Instruct,Qwen/Qwen2.5-0.5B-Instruct,30,7,100,B,0.26,0.18,0.35,74,70,0.02,0.0,0.05,98,50,-0.24
Qwen2.5-0.5B-Instruct,Qwen/Qwen2.5-0.5B-Instruct,30,10,100,B,0.25,0.16,0.34,75,65,0.02,0.0,0.05,98,54,-0.23
Qwen2.5-0.5B-Instruct,Qwen/Qwen2.5-0.5B-Instruct,30,15,100,B,0.2,0.13,0.28,80,72,0.02,0.0,0.05,98,68,-0.18
Qwen2.5-0.5B-Instruct,Qwen/Qwen2.5-0.5B-Instruct,30,20,100,AB,0.09,0.04,0.15,91,86,0.01,0.0,0.03,99,77,-0.08
Qwen2.5-0.5B-Instruct,Qwen/Qwen2.5-0.5B-Instruct,30,30,100,A,0.04,0.01,0.08,96,89,0.01,0.0,0.03,99,82,-0.03
Qwen2.5-0.5B-Instruct,Qwen/Qwen2.5-0.5B-Instruct,30,50,100,D,0.03,0.0,0.07,97,90,0.04,0.01,0.08,96,78,0.01
Qwen2.5-0.5B-Instruct,Qwen/Qwen2.5-0.5B-Instruct,30,75,100,A,0.08,0.03,0.13,92,66,0.08,0.03,0.14,92,70,0.0
Qwen2.5-1.5B-Instruct,Qwen/Qwen2.5-1.5B-Instruct,2,5,100,C,0.99,0.97,1.0,1,0,0.57,0.47,0.66,43,0,-0.42
Qwen2.5-1.5B-Instruct,Qwen/Qwen2.5-1.5B-Instruct,2,7,100,C,0.97,0.94,1.0,3,2,0.46,0.3698,0.56,54,0,-0.51
Qwen2.5-1.5B-Instruct,Qwen/Qwen2.5-1.5B-Instruct,2,10,100,C,0.97,0.93,1.0,3,1,0.36,0.26,0.46,64,1,-0.61
Qwen2.5-1.5B-Instruct,Qwen/Qwen2.5-1.5B-Instruct,2,15,100,C,0.96,0.92,0.99,4,0,0.35,0.26,0.45,65,2,-0.61
Qwen2.5-1.5B-Instruct,Qwen/Qwen2.5-1.5B-Instruct,2,20,100,C,0.98,0.95,1.0,2,2,0.29,0.2,0.38,71,1,-0.69
Qwen2.5-1.5B-Instruct,Qwen/Qwen2.5-1.5B-Instruct,2,30,100,C,0.98,0.95,1.0,2,1,0.2,0.12,0.28,80,6,-0.78
Qwen2.5-1.5B-Instruct,Qwen/Qwen2.5-1.5B-Instruct,2,50,100,C,0.98,0.95,1.0,2,1,0.17,0.1,0.25,83,7,-0.81
Qwen2.5-1.5B-Instruct,Qwen/Qwen2.5-1.5B-Instruct,2,75,100,C,0.97,0.93,1.0,3,0,0.17,0.1,0.25,83,10,-0.8
Qwen2.5-1.5B-Instruct,Qwen/Qwen2.5-1.5B-Instruct,2,100,100,C,0.98,0.95,1.0,2,2,0.06,0.02,0.11,94,21,-0.92
Qwen2.5-1.5B-Instruct,Qwen/Qwen2.5-1.5B-Instruct,3,5,100,C,0.95,0.9,0.99,5,1,0.27,0.1898,0.36,73,0,-0.68
Qwen2.5-1.5B-Instruct,Qwen/Qwen2.5-1.5B-Instruct,3,7,100,C,0.97,0.93,1.0,3,0,0.34,0.2498,0.43,66,1,-0.63
Qwen2.5-1.5B-Instruct,Qwen/Qwen2.5-1.5B-Instruct,3,10,100,C,0.89,0.83,0.9402,11,2,0.26,0.18,0.35,74,2,-0.63
Qwen2.5-1.5B-Instruct,Qwen/Qwen2.5-1.5B-Instruct,3,15,100,C,0.92,0.86,0.97,8,2,0.23,0.16,0.3102,77,1,-0.69
Qwen2.5-1.5B-Instruct,Qwen/Qwen2.5-1.5B-Instruct,3,20,100,C,0.96,0.92,0.99,4,1,0.22,0.14,0.31,78,3,-0.74
Qwen2.5-1.5B-Instruct,Qwen/Qwen2.5-1.5B-Instruct,3,30,100,C,0.95,0.9,0.99,5,0,0.18,0.11,0.25,82,7,-0.77
Qwen2.5-1.5B-Instruct,Qwen/Qwen2.5-1.5B-Instruct,3,50,100,C,0.87,0.8,0.93,13,3,0.12,0.06,0.18,88,15,-0.75
Qwen2.5-1.5B-Instruct,Qwen/Qwen2.5-1.5B-Instruct,3,75,100,C,0.92,0.86,0.97,8,5,0.12,0.06,0.19,88,15,-0.8
Qwen2.5-1.5B-Instruct,Qwen/Qwen2.5-1.5B-Instruct,3,100,100,C,0.84,0.76,0.91,16,5,0.12,0.06,0.19,88,11,-0.72
Qwen2.5-1.5B-Instruct,Qwen/Qwen2.5-1.5B-Instruct,5,5,100,C,0.98,0.95,1.0,2,0,0.18,0.11,0.26,82,0,-0.8
Qwen2.5-1.5B-Instruct,Qwen/Qwen2.5-1.5B-Instruct,5,7,100,C,0.94,0.89,0.98,6,2,0.24,0.16,0.33,76,1,-0.7
Qwen2.5-1.5B-Instruct,Qwen/Qwen2.5-1.5B-Instruct,5,10,100,C,0.85,0.77,0.92,15,4,0.26,0.18,0.35,74,1,-0.59
Qwen2.5-1.5B-Instruct,Qwen/Qwen2.5-1.5B-Instruct,5,15,100,C,0.86,0.79,0.92,14,3,0.24,0.16,0.3202,76,6,-0.62
Qwen2.5-1.5B-Instruct,Qwen/Qwen2.5-1.5B-Instruct,5,20,100,C,0.85,0.78,0.9102,15,2,0.21,0.13,0.29,79,6,-0.64
Qwen2.5-1.5B-Instruct,Qwen/Qwen2.5-1.5B-Instruct,5,30,100,C,0.85,0.78,0.92,15,1,0.21,0.14,0.29,79,2,-0.64
Qwen2.5-1.5B-Instruct,Qwen/Qwen2.5-1.5B-Instruct,5,50,100,C,0.77,0.68,0.85,23,5,0.11,0.06,0.17,89,10,-0.66
Qwen2.5-1.5B-Instruct,Qwen/Qwen2.5-1.5B-Instruct,5,75,100,C,0.68,0.59,0.77,32,12,0.1,0.04,0.16,90,12,-0.58
Qwen2.5-1.5B-Instruct,Qwen/Qwen2.5-1.5B-Instruct,5,100,100,C,0.72,0.63,0.81,28,17,0.12,0.06,0.19,88,13,-0.6
Qwen2.5-1.5B-Instruct,Qwen/Qwen2.5-1.5B-Instruct,7,5,100,C,0.93,0.88,0.98,7,2,0.23,0.15,0.31,77,0,-0.7
Qwen2.5-1.5B-Instruct,Qwen/Qwen2.5-1.5B-Instruct,7,7,100,C,0.92,0.86,0.97,8,0,0.2,0.12,0.28,80,2,-0.72
Qwen2.5-1.5B-Instruct,Qwen/Qwen2.5-1.5B-Instruct,7,10,100,C,0.87,0.8,0.93,13,2,0.31,0.22,0.4,69,2,-0.56
Qwen2.5-1.5B-Instruct,Qwen/Qwen2.5-1.5B-Instruct,7,15,100,C,0.83,0.76,0.9,17,3,0.2,0.13,0.28,80,1,-0.63
Qwen2.5-1.5B-Instruct,Qwen/Qwen2.5-1.5B-Instruct,7,20,100,C,0.77,0.69,0.85,23,2,0.19,0.12,0.27,81,2,-0.58
Qwen2.5-1.5B-Instruct,Qwen/Qwen2.5-1.5B-Instruct,7,30,100,C,0.66,0.57,0.75,34,10,0.2,0.13,0.28,80,6,-0.46
Qwen2.5-1.5B-Instruct,Qwen/Qwen2.5-1.5B-Instruct,7,50,100,C,0.56,0.47,0.65,44,10,0.09,0.04,0.15,91,14,-0.47
Qwen2.5-1.5B-Instruct,Qwen/Qwen2.5-1.5B-Instruct,7,75,100,C,0.52,0.42,0.61,48,15,0.13,0.07,0.2,87,17,-0.39
Qwen2.5-1.5B-Instruct,Qwen/Qwen2.5-1.5B-Instruct,7,100,100,C,0.54,0.45,0.64,46,13,0.1,0.05,0.16,90,17,-0.44
Qwen2.5-1.5B-Instruct,Qwen/Qwen2.5-1.5B-Instruct,10,5,100,C,0.96,0.91,0.99,4,0,0.2,0.12,0.28,80,2,-0.76
Qwen2.5-1.5B-Instruct,Qwen/Qwen2.5-1.5B-Instruct,10,7,100,C,0.85,0.77,0.92,15,0,0.16,0.09,0.24,84,1,-0.69
Qwen2.5-1.5B-Instruct,Qwen/Qwen2.5-1.5B-Instruct,10,10,100,C,0.83,0.75,0.9,17,3,0.13,0.07,0.2,87,1,-0.7
Qwen2.5-1.5B-Instruct,Qwen/Qwen2.5-1.5B-Instruct,10,15,100,C,0.74,0.65,0.82,26,3,0.18,0.11,0.26,82,1,-0.56
Qwen2.5-1.5B-Instruct,Qwen/Qwen2.5-1.5B-Instruct,10,20,100,C,0.59,0.49,0.68,41,6,0.15,0.08,0.22,85,6,-0.44
Qwen2.5-1.5B-Instruct,Qwen/Qwen2.5-1.5B-Instruct,10,30,100,C,0.43,0.32,0.53,57,15,0.17,0.1,0.24,83,5,-0.26
Qwen2.5-1.5B-Instruct,Qwen/Qwen2.5-1.5B-Instruct,10,50,100,C,0.5,0.4098,0.6,50,16,0.11,0.05,0.17,89,10,-0.39
Qwen2.5-1.5B-Instruct,Qwen/Qwen2.5-1.5B-Instruct,10,75,100,C,0.42,0.32,0.52,58,23,0.1,0.05,0.16,90,12,-0.32
Qwen2.5-1.5B-Instruct,Qwen/Qwen2.5-1.5B-Instruct,10,100,100,B,0.33,0.24,0.42,67,21,0.14,0.07,0.21,86,21,-0.19
Qwen2.5-1.5B-Instruct,Qwen/Qwen2.5-1.5B-Instruct,15,5,100,C,0.85,0.77,0.92,15,2,0.18,0.11,0.26,82,0,-0.67
Qwen2.5-1.5B-Instruct,Qwen/Qwen2.5-1.5B-Instruct,15,7,100,C,0.74,0.65,0.82,26,3,0.12,0.06,0.19,88,2,-0.62
Qwen2.5-1.5B-Instruct,Qwen/Qwen2.5-1.5B-Instruct,15,10,100,C,0.64,0.55,0.73,36,5,0.23,0.15,0.32,77,1,-0.41
Qwen2.5-1.5B-Instruct,Qwen/Qwen2.5-1.5B-Instruct,15,15,100,C,0.55,0.45,0.65,45,7,0.07,0.02,0.12,93,3,-0.48
Qwen2.5-1.5B-Instruct,Qwen/Qwen2.5-1.5B-Instruct,15,20,100,C,0.5,0.4,0.59,50,10,0.12,0.06,0.1802,88,6,-0.38
Qwen2.5-1.5B-Instruct,Qwen/Qwen2.5-1.5B-Instruct,15,30,100,C,0.44,0.34,0.53,56,15,0.1,0.05,0.16,90,9,-0.34
Qwen2.5-1.5B-Instruct,Qwen/Qwen2.5-1.5B-Instruct,15,50,100,AB,0.24,0.15,0.32,76,26,0.11,0.05,0.17,89,15,-0.13
Qwen2.5-1.5B-Instruct,Qwen/Qwen2.5-1.5B-Instruct,15,75,100,AB,0.26,0.18,0.35,74,29,0.12,0.06,0.19,88,14,-0.14
Qwen2.5-1.5B-Instruct,Qwen/Qwen2.5-1.5B-Instruct,15,100,100,AB,0.16,0.09,0.24,84,41,0.06,0.02,0.11,94,21,-0.1
Qwen2.5-1.5B-Instruct,Qwen/Qwen2.5-1.5B-Instruct,20,5,100,C,0.75,0.66,0.83,25,5,0.11,0.05,0.17,89,1,-0.64
Qwen2.5-1.5B-Instruct,Qwen/Qwen2.5-1.5B-Instruct,20,7,100,C,0.64,0.54,0.73,36,5,0.13,0.07,0.2,87,1,-0.51
Qwen2.5-1.5B-Instruct,Qwen/Qwen2.5-1.5B-Instruct,20,10,100,C,0.52,0.42,0.62,48,6,0.02,0.0,0.05,98,4,-0.5
Qwen2.5-1.5B-Instruct,Qwen/Qwen2.5-1.5B-Instruct,20,15,100,B,0.35,0.25,0.44,65,8,0.14,0.08,0.21,86,3,-0.21
Qwen2.5-1.5B-Instruct,Qwen/Qwen2.5-1.5B-Instruct,20,20,100,B,0.29,0.2,0.38,71,7,0.13,0.07,0.19,87,5,-0.16
Qwen2.5-1.5B-Instruct,Qwen/Qwen2.5-1.5B-Instruct,20,30,100,AB,0.23,0.15,0.32,77,15,0.11,0.06,0.18,89,5,-0.12
Qwen2.5-1.5B-Instruct,Qwen/Qwen2.5-1.5B-Instruct,20,50,100,AB,0.14,0.07,0.21,86,23,0.08,0.03,0.14,92,12,-0.06
Qwen2.5-1.5B-Instruct,Qwen/Qwen2.5-1.5B-Instruct,20,75,100,D,0.09,0.04,0.15,91,35,0.1,0.05,0.16,90,22,0.01
Qwen2.5-1.5B-Instruct,Qwen/Qwen2.5-1.5B-Instruct,20,100,100,A,0.12,0.06,0.18,88,38,0.11,0.05,0.18,89,25,-0.01
Qwen2.5-1.5B-Instruct,Qwen/Qwen2.5-1.5B-Instruct,25,5,100,C,0.72,0.63,0.8,28,0,0.09,0.04,0.15,91,0,-0.63
Qwen2.5-1.5B-Instruct,Qwen/Qwen2.5-1.5B-Instruct,25,7,100,C,0.49,0.39,0.59,51,3,0.07,0.03,0.12,93,3,-0.42
Qwen2.5-1.5B-Instruct,Qwen/Qwen2.5-1.5B-Instruct,25,10,100,C,0.51,0.42,0.61,49,5,0.09,0.04,0.15,91,2,-0.42
Qwen2.5-1.5B-Instruct,Qwen/Qwen2.5-1.5B-Instruct,25,15,100,C,0.35,0.26,0.44,65,10,0.09,0.04,0.15,91,3,-0.26
Qwen2.5-1.5B-Instruct,Qwen/Qwen2.5-1.5B-Instruct,25,20,100,B,0.26,0.18,0.35,74,11,0.1,0.05,0.16,90,5,-0.16
Qwen2.5-1.5B-Instruct,Qwen/Qwen2.5-1.5B-Instruct,25,30,100,AB,0.13,0.07,0.2,87,21,0.05,0.01,0.1,95,4,-0.08
Qwen2.5-1.5B-Instruct,Qwen/Qwen2.5-1.5B-Instruct,25,50,100,AB,0.15,0.08,0.22,85,17,0.07,0.03,0.12,93,15,-0.08
Qwen2.5-1.5B-Instruct,Qwen/Qwen2.5-1.5B-Instruct,25,75,100,A,0.1,0.04,0.16,90,33,0.08,0.03,0.14,92,30,-0.02
Qwen2.5-1.5B-Instruct,Qwen/Qwen2.5-1.5B-Instruct,30,5,100,C,0.64,0.55,0.73,36,2,0.1,0.05,0.16,90,4,-0.54
Qwen2.5-1.5B-Instruct,Qwen/Qwen2.5-1.5B-Instruct,30,7,100,C,0.46,0.36,0.56,54,3,0.14,0.08,0.21,86,2,-0.32
Qwen2.5-1.5B-Instruct,Qwen/Qwen2.5-1.5B-Instruct,30,10,100,B,0.33,0.24,0.42,67,5,0.14,0.08,0.21,86,2,-0.19
Qwen2.5-1.5B-Instruct,Qwen/Qwen2.5-1.5B-Instruct,30,15,100,C,0.37,0.28,0.46,63,8,0.12,0.06,0.19,88,2,-0.25
Qwen2.5-1.5B-Instruct,Qwen/Qwen2.5-1.5B-Instruct,30,20,100,AB,0.21,0.13,0.29,79,9,0.12,0.06,0.18,88,10,-0.09
Qwen2.5-1.5B-Instruct,Qwen/Qwen2.5-1.5B-Instruct,30,30,100,AB,0.19,0.11,0.27,81,13,0.13,0.07,0.2,87,8,-0.06
Qwen2.5-1.5B-Instruct,Qwen/Qwen2.5-1.5B-Instruct,30,50,100,A,0.11,0.05,0.17,89,24,0.09,0.04,0.15,91,10,-0.02
Qwen2.5-1.5B-Instruct,Qwen/Qwen2.5-1.5B-Instruct,30,75,100,D,0.08,0.03,0.13,92,32,0.09,0.04,0.15,91,20,0.01
Qwen2.5-3B,Qwen/Qwen2.5-3B,2,5,100,AB,1.0,1.0,1.0,0,0,0.94,0.89,0.98,6,1,-0.06
Qwen2.5-3B,Qwen/Qwen2.5-3B,2,7,100,B,1.0,1.0,1.0,0,0,0.76,0.68,0.84,24,1,-0.24
Qwen2.5-3B,Qwen/Qwen2.5-3B,2,10,100,C,1.0,1.0,1.0,0,0,0.67,0.57,0.76,33,2,-0.33
Qwen2.5-3B,Qwen/Qwen2.5-3B,2,15,100,C,0.99,0.97,1.0,1,0,0.61,0.51,0.7,39,5,-0.38
Qwen2.5-3B,Qwen/Qwen2.5-3B,2,20,100,C,1.0,1.0,1.0,0,0,0.46,0.36,0.56,54,10,-0.54
Qwen2.5-3B,Qwen/Qwen2.5-3B,2,30,100,C,1.0,1.0,1.0,0,0,0.51,0.41,0.61,49,11,-0.49
Qwen2.5-3B,Qwen/Qwen2.5-3B,2,50,100,C,0.95,0.91,0.99,5,4,0.38,0.28,0.47,62,19,-0.57
Qwen2.5-3B,Qwen/Qwen2.5-3B,2,75,100,C,1.0,1.0,1.0,0,0,0.27,0.18,0.36,73,23,-0.73
Qwen2.5-3B,Qwen/Qwen2.5-3B,2,100,100,C,0.94,0.89,0.98,6,6,0.23,0.15,0.31,77,30,-0.71
Qwen2.5-3B,Qwen/Qwen2.5-3B,3,5,100,AB,0.96,0.92,0.99,4,1,0.87,0.8,0.93,13,3,-0.09
Qwen2.5-3B,Qwen/Qwen2.5-3B,3,7,100,C,0.96,0.92,0.99,4,1,0.7,0.6,0.79,30,7,-0.26
Qwen2.5-3B,Qwen/Qwen2.5-3B,3,10,100,C,0.92,0.86,0.97,8,5,0.63,0.53,0.72,37,9,-0.29
Qwen2.5-3B,Qwen/Qwen2.5-3B,3,15,100,C,0.93,0.8798,0.97,7,6,0.63,0.5398,0.73,37,5,-0.3
Qwen2.5-3B,Qwen/Qwen2.5-3B,3,20,100,B,0.86,0.79,0.92,14,6,0.64,0.55,0.73,36,3,-0.22
Qwen2.5-3B,Qwen/Qwen2.5-3B,3,30,100,B,0.75,0.66,0.83,25,13,0.55,0.45,0.65,45,8,-0.2
Qwen2.5-3B,Qwen/Qwen2.5-3B,3,50,100,B,0.74,0.65,0.83,26,20,0.56,0.47,0.66,44,12,-0.18
Qwen2.5-3B,Qwen/Qwen2.5-3B,3,75,100,B,0.6,0.5,0.7,40,26,0.42,0.33,0.51,58,12,-0.18
Qwen2.5-3B,Qwen/Qwen2.5-3B,3,100,100,AB,0.56,0.46,0.66,44,24,0.42,0.32,0.52,58,20,-0.14
Qwen2.5-3B,Qwen/Qwen2.5-3B,5,5,100,AB,0.88,0.81,0.94,12,5,0.75,0.66,0.83,25,8,-0.13
Qwen2.5-3B,Qwen/Qwen2.5-3B,5,7,100,AB,0.78,0.7,0.86,22,9,0.73,0.65,0.81,27,2,-0.05
Qwen2.5-3B,Qwen/Qwen2.5-3B,5,10,100,AB,0.73,0.64,0.82,27,14,0.67,0.58,0.7502,33,6,-0.06
Qwen2.5-3B,Qwen/Qwen2.5-3B,5,15,100,AB,0.67,0.5798,0.76,33,21,0.6,0.51,0.7,40,2,-0.07
Qwen2.5-3B,Qwen/Qwen2.5-3B,5,20,100,D,0.44,0.34,0.54,56,20,0.66,0.57,0.75,34,1,0.22
Qwen2.5-3B,Qwen/Qwen2.5-3B,5,30,100,D,0.43,0.33,0.52,57,27,0.53,0.43,0.63,47,10,0.1
Qwen2.5-3B,Qwen/Qwen2.5-3B,5,50,100,D,0.33,0.24,0.42,67,41,0.52,0.42,0.61,48,14,0.19
Qwen2.5-3B,Qwen/Qwen2.5-3B,5,75,100,D,0.35,0.26,0.44,65,25,0.49,0.4,0.59,51,10,0.14
Qwen2.5-3B,Qwen/Qwen2.5-3B,5,100,100,D,0.28,0.2,0.37,72,29,0.53,0.43,0.62,47,10,0.25
Qwen2.5-3B,Qwen/Qwen2.5-3B,7,5,100,A,0.73,0.65,0.82,27,6,0.71,0.62,0.8,29,9,-0.02
Qwen2.5-3B,Qwen/Qwen2.5-3B,7,7,100,A,0.65,0.55,0.75,35,8,0.65,0.55,0.74,35,6,0.0
Qwen2.5-3B,Qwen/Qwen2.5-3B,7,10,100,AB,0.64,0.54,0.73,36,15,0.53,0.4398,0.63,47,6,-0.11
Qwen2.5-3B,Qwen/Qwen2.5-3B,7,15,100,D,0.53,0.44,0.63,47,19,0.59,0.49,0.69,41,6,0.06
Qwen2.5-3B,Qwen/Qwen2.5-3B,7,20,100,D,0.43,0.34,0.53,57,23,0.49,0.3998,0.59,51,8,0.06
Qwen2.5-3B,Qwen/Qwen2.5-3B,7,30,100,D,0.21,0.13,0.29,79,23,0.5,0.4,0.6,50,8,0.29
Qwen2.5-3B,Qwen/Qwen2.5-3B,7,50,100,D,0.2,0.13,0.28,80,30,0.58,0.48,0.68,42,13,0.38
Qwen2.5-3B,Qwen/Qwen2.5-3B,7,75,100,D,0.19,0.12,0.27,81,25,0.59,0.49,0.69,41,8,0.4
Qwen2.5-3B,Qwen/Qwen2.5-3B,7,100,100,D,0.14,0.07,0.22,86,30,0.45,0.35,0.55,55,15,0.31
Qwen2.5-3B,Qwen/Qwen2.5-3B,10,5,100,AB,0.69,0.6,0.78,31,9,0.61,0.51,0.7,39,6,-0.08
Qwen2.5-3B,Qwen/Qwen2.5-3B,10,7,100,D,0.47,0.3798,0.57,53,7,0.57,0.47,0.67,43,8,0.1
Qwen2.5-3B,Qwen/Qwen2.5-3B,10,10,100,D,0.45,0.35,0.55,55,16,0.56,0.46,0.66,44,3,0.11
Qwen2.5-3B,Qwen/Qwen2.5-3B,10,15,100,D,0.26,0.18,0.35,74,13,0.47,0.38,0.57,53,6,0.21
Qwen2.5-3B,Qwen/Qwen2.5-3B,10,20,100,D,0.28,0.19,0.37,72,19,0.52,0.42,0.62,48,7,0.24
Qwen2.5-3B,Qwen/Qwen2.5-3B,10,30,100,D,0.19,0.11,0.27,81,16,0.54,0.44,0.63,46,8,0.35
Qwen2.5-3B,Qwen/Qwen2.5-3B,10,50,100,D,0.12,0.06,0.19,88,19,0.57,0.47,0.66,43,9,0.45
Qwen2.5-3B,Qwen/Qwen2.5-3B,10,75,100,D,0.11,0.05,0.17,89,30,0.45,0.35,0.55,55,14,0.34
Qwen2.5-3B,Qwen/Qwen2.5-3B,10,100,100,D,0.12,0.06,0.19,88,34,0.43,0.33,0.53,57,20,0.31
Qwen2.5-3B,Qwen/Qwen2.5-3B,15,5,100,D,0.45,0.36,0.55,55,6,0.63,0.54,0.72,37,4,0.18
Qwen2.5-3B,Qwen/Qwen2.5-3B,15,7,100,D,0.35,0.26,0.44,65,11,0.53,0.43,0.63,47,2,0.18
Qwen2.5-3B,Qwen/Qwen2.5-3B,15,10,100,D,0.21,0.13,0.29,79,23,0.56,0.46,0.66,44,8,0.35
Qwen2.5-3B,Qwen/Qwen2.5-3B,15,15,100,D,0.16,0.09,0.23,84,17,0.55,0.45,0.6402,45,12,0.39
Qwen2.5-3B,Qwen/Qwen2.5-3B,15,20,100,D,0.11,0.05,0.17,89,11,0.59,0.49,0.69,41,11,0.48
Qwen2.5-3B,Qwen/Qwen2.5-3B,15,30,100,D,0.1,0.05,0.16,90,16,0.64,0.55,0.73,36,7,0.54
Qwen2.5-3B,Qwen/Qwen2.5-3B,15,50,100,D,0.12,0.06,0.19,88,15,0.5,0.4,0.6,50,15,0.38
Qwen2.5-3B,Qwen/Qwen2.5-3B,15,75,100,D,0.1,0.04,0.16,90,35,0.4,0.31,0.5,60,18,0.3
Qwen2.5-3B,Qwen/Qwen2.5-3B,20,5,100,D,0.41,0.31,0.51,59,12,0.58,0.4898,0.68,42,3,0.17
Qwen2.5-3B,Qwen/Qwen2.5-3B,20,7,100,D,0.28,0.19,0.38,72,2,0.53,0.43,0.63,47,6,0.25
Qwen2.5-3B,Qwen/Qwen2.5-3B,20,10,100,D,0.21,0.13,0.29,79,17,0.54,0.44,0.64,46,11,0.33
Qwen2.5-3B,Qwen/Qwen2.5-3B,20,15,100,D,0.13,0.07,0.2,87,13,0.65,0.56,0.74,35,7,0.52
Qwen2.5-3B,Qwen/Qwen2.5-3B,20,20,100,D,0.06,0.02,0.11,94,15,0.55,0.46,0.65,45,20,0.49
Qwen2.5-3B,Qwen/Qwen2.5-3B,20,30,100,D,0.07,0.03,0.13,93,21,0.53,0.44,0.62,47,12,0.46
Qwen2.5-3B,Qwen/Qwen2.5-3B,20,50,100,D,0.08,0.03,0.14,92,35,0.49,0.39,0.59,51,15,0.41
Qwen2.5-3B,Qwen/Qwen2.5-3B,25,5,100,D,0.34,0.25,0.44,66,9,0.49,0.39,0.59,51,5,0.15
Qwen2.5-3B,Qwen/Qwen2.5-3B,25,7,100,D,0.21,0.14,0.3,79,12,0.55,0.45,0.65,45,9,0.34
Qwen2.5-3B,Qwen/Qwen2.5-3B,25,10,100,D,0.08,0.03,0.14,92,10,0.5,0.4,0.6,50,13,0.42
Qwen2.5-3B,Qwen/Qwen2.5-3B,25,15,100,D,0.15,0.08,0.22,85,20,0.36,0.27,0.46,64,16,0.21
Qwen2.5-3B,Qwen/Qwen2.5-3B,25,20,100,D,0.06,0.02,0.11,94,16,0.56,0.46,0.65,44,12,0.5
Qwen2.5-3B,Qwen/Qwen2.5-3B,25,30,100,D,0.05,0.01,0.1,95,22,0.52,0.42,0.62,48,15,0.47
Qwen2.5-3B,Qwen/Qwen2.5-3B,25,50,100,D,0.02,0.0,0.05,98,44,0.48,0.38,0.57,52,20,0.46
Qwen2.5-3B,Qwen/Qwen2.5-3B,30,5,100,D,0.25,0.17,0.34,75,15,0.62,0.52,0.71,38,4,0.37
Qwen2.5-3B,Qwen/Qwen2.5-3B,30,7,100,D,0.17,0.1,0.25,83,17,0.63,0.53,0.72,37,8,0.46
Qwen2.5-3B,Qwen/Qwen2.5-3B,30,10,100,D,0.11,0.06,0.1702,89,14,0.57,0.47,0.66,43,11,0.46
Qwen2.5-3B,Qwen/Qwen2.5-3B,30,15,100,D,0.07,0.02,0.12,93,15,0.53,0.43,0.62,47,10,0.46
Qwen2.5-3B,Qwen/Qwen2.5-3B,30,20,100,D,0.06,0.02,0.11,94,17,0.47,0.37,0.57,53,8,0.41
Qwen2.5-3B,Qwen/Qwen2.5-3B,30,30,100,D,0.09,0.04,0.15,91,21,0.45,0.35,0.55,55,17,0.36
Qwen2.5-3B-Instruct,Qwen/Qwen2.5-3B-Instruct,2,5,100,AB,0.86,0.79,0.9202,14,0,0.73,0.64,0.8102,27,1,-0.13
Qwen2.5-3B-Instruct,Qwen/Qwen2.5-3B-Instruct,2,7,100,C,0.89,0.82,0.94,11,0,0.62,0.53,0.71,38,0,-0.27
Qwen2.5-3B-Instruct,Qwen/Qwen2.5-3B-Instruct,2,10,100,C,0.87,0.8,0.93,13,0,0.55,0.45,0.65,45,1,-0.32
Qwen2.5-3B-Instruct,Qwen/Qwen2.5-3B-Instruct,2,15,100,C,0.82,0.74,0.89,18,3,0.44,0.3498,0.53,56,0,-0.38
Qwen2.5-3B-Instruct,Qwen/Qwen2.5-3B-Instruct,2,20,100,C,0.84,0.76,0.91,16,0,0.47,0.37,0.57,53,1,-0.37
Qwen2.5-3B-Instruct,Qwen/Qwen2.5-3B-Instruct,2,30,100,C,0.86,0.79,0.92,14,0,0.41,0.32,0.51,59,5,-0.45
Qwen2.5-3B-Instruct,Qwen/Qwen2.5-3B-Instruct,2,50,100,C,0.89,0.83,0.95,11,1,0.26,0.18,0.35,74,12,-0.63
Qwen2.5-3B-Instruct,Qwen/Qwen2.5-3B-Instruct,2,75,100,C,0.98,0.95,1.0,2,0,0.23,0.15,0.32,77,12,-0.75
Qwen2.5-3B-Instruct,Qwen/Qwen2.5-3B-Instruct,2,100,100,C,0.95,0.91,0.99,5,0,0.25,0.17,0.34,75,18,-0.7
Qwen2.5-3B-Instruct,Qwen/Qwen2.5-3B-Instruct,3,5,100,AB,0.87,0.8,0.93,13,0,0.8,0.72,0.87,20,0,-0.07
Qwen2.5-3B-Instruct,Qwen/Qwen2.5-3B-Instruct,3,7,100,B,0.82,0.74,0.89,18,1,0.65,0.56,0.74,35,0,-0.17
Qwen2.5-3B-Instruct,Qwen/Qwen2.5-3B-Instruct,3,10,100,C,0.87,0.8,0.93,13,0,0.58,0.48,0.68,42,0,-0.29
Qwen2.5-3B-Instruct,Qwen/Qwen2.5-3B-Instruct,3,15,100,C,0.89,0.83,0.95,11,1,0.41,0.3198,0.51,59,0,-0.48
Qwen2.5-3B-Instruct,Qwen/Qwen2.5-3B-Instruct,3,20,100,C,0.79,0.71,0.87,21,2,0.51,0.41,0.6002,49,2,-0.28
Qwen2.5-3B-Instruct,Qwen/Qwen2.5-3B-Instruct,3,30,100,C,0.86,0.79,0.93,14,5,0.42,0.32,0.52,58,8,-0.44
Qwen2.5-3B-Instruct,Qwen/Qwen2.5-3B-Instruct,3,50,100,C,0.84,0.77,0.91,16,3,0.34,0.2498,0.43,66,9,-0.5
Qwen2.5-3B-Instruct,Qwen/Qwen2.5-3B-Instruct,3,75,100,C,0.8,0.71,0.8702,20,7,0.29,0.2,0.39,71,8,-0.51
Qwen2.5-3B-Instruct,Qwen/Qwen2.5-3B-Instruct,3,100,100,C,0.81,0.73,0.88,19,4,0.35,0.26,0.4402,65,11,-0.46
Qwen2.5-3B-Instruct,Qwen/Qwen2.5-3B-Instruct,5,5,100,AB,0.79,0.71,0.87,21,2,0.68,0.58,0.7702,32,0,-0.11
Qwen2.5-3B-Instruct,Qwen/Qwen2.5-3B-Instruct,5,7,100,C,0.84,0.7698,0.91,16,0,0.58,0.4798,0.68,42,1,-0.26
Qwen2.5-3B-Instruct,Qwen/Qwen2.5-3B-Instruct,5,10,100,C,0.87,0.8,0.93,13,0,0.54,0.44,0.64,46,0,-0.33
Qwen2.5-3B-Instruct,Qwen/Qwen2.5-3B-Instruct,5,15,100,AB,0.67,0.58,0.76,33,4,0.57,0.48,0.66,43,2,-0.1
Qwen2.5-3B-Instruct,Qwen/Qwen2.5-3B-Instruct,5,20,100,B,0.68,0.59,0.77,32,1,0.53,0.43,0.63,47,4,-0.15
Qwen2.5-3B-Instruct,Qwen/Qwen2.5-3B-Instruct,5,30,100,B,0.7,0.61,0.78,30,5,0.52,0.43,0.62,48,4,-0.18
Qwen2.5-3B-Instruct,Qwen/Qwen2.5-3B-Instruct,5,50,100,C,0.68,0.59,0.77,32,2,0.43,0.34,0.53,57,8,-0.25
Qwen2.5-3B-Instruct,Qwen/Qwen2.5-3B-Instruct,5,75,100,C,0.69,0.6,0.78,31,4,0.43,0.33,0.53,57,14,-0.26
Qwen2.5-3B-Instruct,Qwen/Qwen2.5-3B-Instruct,5,100,100,A,0.5,0.4,0.59,50,5,0.48,0.38,0.58,52,3,-0.02
Qwen2.5-3B-Instruct,Qwen/Qwen2.5-3B-Instruct,7,5,100,A,0.69,0.6,0.78,31,1,0.69,0.6,0.78,31,0,0.0
Qwen2.5-3B-Instruct,Qwen/Qwen2.5-3B-Instruct,7,7,100,B,0.73,0.64,0.81,27,1,0.57,0.48,0.67,43,0,-0.16
Qwen2.5-3B-Instruct,Qwen/Qwen2.5-3B-Instruct,7,10,100,B,0.7,0.61,0.79,30,0,0.52,0.42,0.62,48,1,-0.18
Qwen2.5-3B-Instruct,Qwen/Qwen2.5-3B-Instruct,7,15,100,C,0.72,0.6398,0.81,28,0,0.43,0.3398,0.53,57,4,-0.29
Qwen2.5-3B-Instruct,Qwen/Qwen2.5-3B-Instruct,7,20,100,AB,0.66,0.57,0.75,34,6,0.52,0.42,0.62,48,1,-0.14
Qwen2.5-3B-Instruct,Qwen/Qwen2.5-3B-Instruct,7,30,100,AB,0.5,0.4,0.6,50,2,0.38,0.28,0.48,62,6,-0.12
Qwen2.5-3B-Instruct,Qwen/Qwen2.5-3B-Instruct,7,50,100,AB,0.52,0.42,0.62,48,3,0.46,0.36,0.55,54,2,-0.06
Qwen2.5-3B-Instruct,Qwen/Qwen2.5-3B-Instruct,7,75,100,D,0.44,0.35,0.54,56,4,0.51,0.41,0.61,49,6,0.07
Qwen2.5-3B-Instruct,Qwen/Qwen2.5-3B-Instruct,7,100,100,D,0.37,0.28,0.47,63,13,0.55,0.45,0.64,45,6,0.18
Qwen2.5-3B-Instruct,Qwen/Qwen2.5-3B-Instruct,10,5,100,B,0.76,0.67,0.84,24,0,0.57,0.47,0.66,43,0,-0.19
Qwen2.5-3B-Instruct,Qwen/Qwen2.5-3B-Instruct,10,7,100,AB,0.63,0.53,0.72,37,3,0.51,0.41,0.6,49,3,-0.12
Qwen2.5-3B-Instruct,Qwen/Qwen2.5-3B-Instruct,10,10,100,B,0.62,0.52,0.72,38,2,0.4,0.3,0.5,60,5,-0.22
Qwen2.5-3B-Instruct,Qwen/Qwen2.5-3B-Instruct,10,15,100,D,0.49,0.39,0.58,51,4,0.52,0.42,0.6102,48,4,0.03
Qwen2.5-3B-Instruct,Qwen/Qwen2.5-3B-Instruct,10,20,100,D,0.44,0.34,0.54,56,3,0.52,0.42,0.62,48,7,0.08
Qwen2.5-3B-Instruct,Qwen/Qwen2.5-3B-Instruct,10,30,100,D,0.41,0.32,0.51,59,5,0.46,0.36,0.55,54,9,0.05
Qwen2.5-3B-Instruct,Qwen/Qwen2.5-3B-Instruct,10,50,100,D,0.42,0.32,0.52,58,4,0.5,0.4,0.6,50,6,0.08
Qwen2.5-3B-Instruct,Qwen/Qwen2.5-3B-Instruct,10,75,100,D,0.22,0.14,0.3,78,14,0.58,0.48,0.67,42,4,0.36
Qwen2.5-3B-Instruct,Qwen/Qwen2.5-3B-Instruct,10,100,100,D,0.22,0.14,0.3,78,6,0.56,0.46,0.6502,44,10,0.34
Qwen2.5-3B-Instruct,Qwen/Qwen2.5-3B-Instruct,15,5,100,AB,0.65,0.55,0.74,35,2,0.57,0.47,0.66,43,0,-0.08
Qwen2.5-3B-Instruct,Qwen/Qwen2.5-3B-Instruct,15,7,100,AB,0.58,0.48,0.67,42,1,0.45,0.36,0.55,55,1,-0.13
Qwen2.5-3B-Instruct,Qwen/Qwen2.5-3B-Instruct,15,10,100,AB,0.58,0.48,0.67,42,2,0.46,0.36,0.56,54,3,-0.12
Qwen2.5-3B-Instruct,Qwen/Qwen2.5-3B-Instruct,15,15,100,D,0.44,0.35,0.54,56,3,0.49,0.39,0.59,51,4,0.05
Qwen2.5-3B-Instruct,Qwen/Qwen2.5-3B-Instruct,15,20,100,D,0.32,0.23,0.42,68,5,0.58,0.48,0.67,42,4,0.26
Qwen2.5-3B-Instruct,Qwen/Qwen2.5-3B-Instruct,15,30,100,D,0.35,0.2598,0.44,65,4,0.6,0.5,0.69,40,8,0.25
Qwen2.5-3B-Instruct,Qwen/Qwen2.5-3B-Instruct,15,50,100,D,0.18,0.11,0.26,82,9,0.59,0.49,0.68,41,6,0.41
Qwen2.5-3B-Instruct,Qwen/Qwen2.5-3B-Instruct,15,75,100,D,0.11,0.05,0.18,89,9,0.56,0.46,0.66,44,8,0.45
Qwen2.5-3B-Instruct,Qwen/Qwen2.5-3B-Instruct,15,100,100,D,0.06,0.02,0.11,94,22,0.5,0.4,0.6,50,8,0.44
Qwen2.5-3B-Instruct,Qwen/Qwen2.5-3B-Instruct,20,5,100,B,0.64,0.54,0.73,36,0,0.4,0.31,0.5,60,1,-0.24
Qwen2.5-3B-Instruct,Qwen/Qwen2.5-3B-Instruct,20,7,100,B,0.61,0.52,0.71,39,2,0.42,0.33,0.52,58,0,-0.19
Qwen2.5-3B-Instruct,Qwen/Qwen2.5-3B-Instruct,20,10,100,A,0.5,0.4,0.6,50,4,0.45,0.35,0.55,55,2,-0.05
Qwen2.5-3B-Instruct,Qwen/Qwen2.5-3B-Instruct,20,15,100,D,0.34,0.25,0.4202,66,3,0.5,0.4,0.6,50,6,0.16
Qwen2.5-3B-Instruct,Qwen/Qwen2.5-3B-Instruct,20,20,100,D,0.21,0.13,0.29,79,11,0.53,0.44,0.63,47,11,0.32
Qwen2.5-3B-Instruct,Qwen/Qwen2.5-3B-Instruct,20,30,100,D,0.21,0.13,0.29,79,8,0.51,0.41,0.6,49,4,0.3
Qwen2.5-3B-Instruct,Qwen/Qwen2.5-3B-Instruct,20,50,100,D,0.08,0.03,0.13,92,8,0.62,0.53,0.71,38,8,0.54
Qwen2.5-3B-Instruct,Qwen/Qwen2.5-3B-Instruct,20,75,100,D,0.06,0.02,0.11,94,16,0.56,0.46,0.66,44,8,0.5
Qwen2.5-3B-Instruct,Qwen/Qwen2.5-3B-Instruct,20,100,100,D,0.03,0.0,0.07,97,24,0.55,0.4598,0.65,45,15,0.52
Qwen2.5-3B-Instruct,Qwen/Qwen2.5-3B-Instruct,25,5,100,C,0.65,0.55,0.74,35,2,0.35,0.25,0.44,65,2,-0.3
Qwen2.5-3B-Instruct,Qwen/Qwen2.5-3B-Instruct,25,7,100,AB,0.53,0.44,0.63,47,2,0.46,0.37,0.55,54,3,-0.07
Qwen2.5-3B-Instruct,Qwen/Qwen2.5-3B-Instruct,25,10,100,D,0.29,0.21,0.38,71,3,0.46,0.37,0.55,54,6,0.17
Qwen2.5-3B-Instruct,Qwen/Qwen2.5-3B-Instruct,25,15,100,D,0.34,0.25,0.43,66,1,0.58,0.49,0.68,42,11,0.24
Qwen2.5-3B-Instruct,Qwen/Qwen2.5-3B-Instruct,25,20,100,D,0.16,0.09,0.23,84,5,0.61,0.51,0.7,39,5,0.45
Qwen2.5-3B-Instruct,Qwen/Qwen2.5-3B-Instruct,25,30,100,D,0.15,0.08,0.22,85,5,0.59,0.49,0.68,41,7,0.44
Qwen2.5-3B-Instruct,Qwen/Qwen2.5-3B-Instruct,25,50,100,D,0.05,0.01,0.1,95,18,0.43,0.34,0.53,57,9,0.38
Qwen2.5-3B-Instruct,Qwen/Qwen2.5-3B-Instruct,25,75,100,D,0.06,0.02,0.11,94,11,0.6,0.5,0.6902,40,8,0.54
Qwen2.5-3B-Instruct,Qwen/Qwen2.5-3B-Instruct,30,5,100,AB,0.57,0.47,0.67,43,0,0.42,0.32,0.52,58,1,-0.15
Qwen2.5-3B-Instruct,Qwen/Qwen2.5-3B-Instruct,30,7,100,B,0.55,0.45,0.64,45,2,0.39,0.3,0.48,61,2,-0.16
Qwen2.5-3B-Instruct,Qwen/Qwen2.5-3B-Instruct,30,10,100,D,0.26,0.18,0.35,74,2,0.4,0.3,0.49,60,7,0.14
Qwen2.5-3B-Instruct,Qwen/Qwen2.5-3B-Instruct,30,15,100,D,0.29,0.2,0.39,71,8,0.52,0.42,0.61,48,11,0.23
Qwen2.5-3B-Instruct,Qwen/Qwen2.5-3B-Instruct,30,20,100,D,0.22,0.14,0.3,78,9,0.57,0.47,0.67,43,5,0.35
Qwen2.5-3B-Instruct,Qwen/Qwen2.5-3B-Instruct,30,30,100,D,0.12,0.06,0.19,88,9,0.6,0.51,0.69,40,6,0.48
Qwen2.5-3B-Instruct,Qwen/Qwen2.5-3B-Instruct,30,50,100,D,0.04,0.01,0.08,96,8,0.54,0.44,0.64,46,7,0.5
Qwen2.5-3B-Instruct,Qwen/Qwen2.5-3B-Instruct,30,75,100,D,0.01,0.0,0.03,99,15,0.56,0.46,0.66,44,12,0.55
TinyLlama-1.1B-Chat-v1.0,TinyLlama/TinyLlama-1.1B-Chat-v1.0,2,5,100,C,0.97,0.93,1.0,3,2,0.05,0.01,0.0902,95,7,-0.92
TinyLlama-1.1B-Chat-v1.0,TinyLlama/TinyLlama-1.1B-Chat-v1.0,2,7,100,C,0.98,0.95,1.0,2,1,0.02,0.0,0.05,98,10,-0.96
TinyLlama-1.1B-Chat-v1.0,TinyLlama/TinyLlama-1.1B-Chat-v1.0,2,10,100,C,0.9,0.83,0.95,10,8,0.02,0.0,0.05,98,10,-0.88
TinyLlama-1.1B-Chat-v1.0,TinyLlama/TinyLlama-1.1B-Chat-v1.0,2,15,100,C,0.9,0.84,0.95,10,10,0.03,0.0,0.07,97,14,-0.87
TinyLlama-1.1B-Chat-v1.0,TinyLlama/TinyLlama-1.1B-Chat-v1.0,2,20,100,C,0.9,0.84,0.96,10,8,0.02,0.0,0.05,98,24,-0.88
TinyLlama-1.1B-Chat-v1.0,TinyLlama/TinyLlama-1.1B-Chat-v1.0,2,30,100,C,0.9,0.84,0.96,10,8,0.13,0.07,0.2,87,28,-0.77
TinyLlama-1.1B-Chat-v1.0,TinyLlama/TinyLlama-1.1B-Chat-v1.0,2,50,100,C,0.91,0.85,0.96,9,3,0.38,0.28,0.48,62,32,-0.53
TinyLlama-1.1B-Chat-v1.0,TinyLlama/TinyLlama-1.1B-Chat-v1.0,2,75,100,C,0.77,0.69,0.85,23,16,0.14,0.07,0.21,86,32,-0.63
TinyLlama-1.1B-Chat-v1.0,TinyLlama/TinyLlama-1.1B-Chat-v1.0,2,100,100,C,0.75,0.66,0.83,25,15,0.05,0.01,0.1,95,30,-0.7
TinyLlama-1.1B-Chat-v1.0,TinyLlama/TinyLlama-1.1B-Chat-v1.0,3,5,100,C,0.93,0.88,0.97,7,4,0.08,0.03,0.13,92,8,-0.85
TinyLlama-1.1B-Chat-v1.0,TinyLlama/TinyLlama-1.1B-Chat-v1.0,3,7,100,C,0.96,0.92,0.99,4,2,0.09,0.04,0.15,91,10,-0.87
TinyLlama-1.1B-Chat-v1.0,TinyLlama/TinyLlama-1.1B-Chat-v1.0,3,10,100,C,0.93,0.87,0.98,7,4,0.07,0.03,0.12,93,12,-0.86
TinyLlama-1.1B-Chat-v1.0,TinyLlama/TinyLlama-1.1B-Chat-v1.0,3,15,100,C,0.89,0.83,0.95,11,9,0.14,0.08,0.21,86,10,-0.75
TinyLlama-1.1B-Chat-v1.0,TinyLlama/TinyLlama-1.1B-Chat-v1.0,3,20,100,C,0.85,0.78,0.92,15,5,0.15,0.09,0.23,85,27,-0.7
TinyLlama-1.1B-Chat-v1.0,TinyLlama/TinyLlama-1.1B-Chat-v1.0,3,30,100,C,0.78,0.7,0.86,22,8,0.27,0.18,0.3502,73,16,-0.51
TinyLlama-1.1B-Chat-v1.0,TinyLlama/TinyLlama-1.1B-Chat-v1.0,3,50,100,C,0.55,0.46,0.65,45,13,0.07,0.02,0.12,93,24,-0.48
TinyLlama-1.1B-Chat-v1.0,TinyLlama/TinyLlama-1.1B-Chat-v1.0,3,75,100,B,0.38,0.2898,0.4702,62,45,0.23,0.15,0.31,77,28,-0.15
TinyLlama-1.1B-Chat-v1.0,TinyLlama/TinyLlama-1.1B-Chat-v1.0,5,5,100,C,0.86,0.79,0.92,14,10,0.18,0.11,0.26,82,13,-0.68
TinyLlama-1.1B-Chat-v1.0,TinyLlama/TinyLlama-1.1B-Chat-v1.0,5,7,100,C,0.83,0.76,0.9,17,7,0.18,0.11,0.26,82,23,-0.65
TinyLlama-1.1B-Chat-v1.0,TinyLlama/TinyLlama-1.1B-Chat-v1.0,5,10,100,C,0.8,0.72,0.8702,20,6,0.22,0.14,0.3,78,16,-0.58
TinyLlama-1.1B-Chat-v1.0,TinyLlama/TinyLlama-1.1B-Chat-v1.0,5,15,100,C,0.74,0.65,0.83,26,9,0.32,0.23,0.41,68,10,-0.42
TinyLlama-1.1B-Chat-v1.0,TinyLlama/TinyLlama-1.1B-Chat-v1.0,5,20,100,D,0.43,0.33,0.53,57,14,0.44,0.34,0.54,56,16,0.01
TinyLlama-1.1B-Chat-v1.0,TinyLlama/TinyLlama-1.1B-Chat-v1.0,5,30,100,C,0.37,0.28,0.47,63,24,0.12,0.06,0.19,88,19,-0.25
TinyLlama-1.1B-Chat-v1.0,TinyLlama/TinyLlama-1.1B-Chat-v1.0,5,50,100,D,0.13,0.07,0.1902,87,41,0.31,0.2298,0.4,69,34,0.18
TinyLlama-1.1B-Chat-v1.0,TinyLlama/TinyLlama-1.1B-Chat-v1.0,7,5,100,C,0.89,0.83,0.95,11,4,0.37,0.28,0.4602,63,16,-0.52
TinyLlama-1.1B-Chat-v1.0,TinyLlama/TinyLlama-1.1B-Chat-v1.0,7,7,100,C,0.79,0.71,0.86,21,8,0.28,0.19,0.37,72,15,-0.51
TinyLlama-1.1B-Chat-v1.0,TinyLlama/TinyLlama-1.1B-Chat-v1.0,7,10,100,C,0.58,0.49,0.67,42,12,0.31,0.22,0.4,69,12,-0.27
TinyLlama-1.1B-Chat-v1.0,TinyLlama/TinyLlama-1.1B-Chat-v1.0,7,15,100,A,0.35,0.26,0.45,65,13,0.32,0.23,0.41,68,19,-0.03
TinyLlama-1.1B-Chat-v1.0,TinyLlama/TinyLlama-1.1B-Chat-v1.0,7,20,100,A,0.33,0.24,0.43,67,18,0.29,0.2,0.38,71,15,-0.04
TinyLlama-1.1B-Chat-v1.0,TinyLlama/TinyLlama-1.1B-Chat-v1.0,7,30,100,D,0.11,0.05,0.18,89,41,0.2,0.13,0.28,80,27,0.09
TinyLlama-1.1B-Chat-v1.0,TinyLlama/TinyLlama-1.1B-Chat-v1.0,10,5,100,C,0.63,0.53,0.7202,37,15,0.35,0.26,0.44,65,16,-0.28
TinyLlama-1.1B-Chat-v1.0,TinyLlama/TinyLlama-1.1B-Chat-v1.0,10,7,100,AB,0.4,0.3,0.49,60,13,0.29,0.2,0.37,71,11,-0.11
TinyLlama-1.1B-Chat-v1.0,TinyLlama/TinyLlama-1.1B-Chat-v1.0,10,10,100,D,0.29,0.2,0.38,71,15,0.34,0.25,0.43,66,22,0.05
TinyLlama-1.1B-Chat-v1.0,TinyLlama/TinyLlama-1.1B-Chat-v1.0,10,15,100,D,0.23,0.15,0.31,77,28,0.29,0.21,0.38,71,12,0.06
TinyLlama-1.1B-Chat-v1.0,TinyLlama/TinyLlama-1.1B-Chat-v1.0,10,20,100,D,0.08,0.03,0.14,92,30,0.3,0.21,0.39,70,23,0.22
TinyLlama-1.1B-Chat-v1.0,TinyLlama/TinyLlama-1.1B-Chat-v1.0,15,5,100,AB,0.4,0.3,0.5,60,15,0.29,0.2,0.38,71,24,-0.11
TinyLlama-1.1B-Chat-v1.0,TinyLlama/TinyLlama-1.1B-Chat-v1.0,15,7,100,D,0.17,0.1,0.24,83,23,0.33,0.24,0.43,67,31,0.16
TinyLlama-1.1B-Chat-v1.0,TinyLlama/TinyLlama-1.1B-Chat-v1.0,15,10,100,D,0.13,0.07,0.2,87,35,0.28,0.2,0.37,72,32,0.15
TinyLlama-1.1B-Chat-v1.0,TinyLlama/TinyLlama-1.1B-Chat-v1.0,15,15,100,D,0.04,0.01,0.08,96,34,0.41,0.3198,0.51,59,36,0.37
TinyLlama-1.1B-Chat-v1.0,TinyLlama/TinyLlama-1.1B-Chat-v1.0,20,5,100,D,0.17,0.1,0.25,83,26,0.39,0.29,0.49,61,27,0.22
TinyLlama-1.1B-Chat-v1.0,TinyLlama/TinyLlama-1.1B-Chat-v1.0,20,7,100,D,0.1,0.04,0.16,90,36,0.38,0.28,0.47,62,31,0.28
TinyLlama-1.1B-Chat-v1.0,TinyLlama/TinyLlama-1.1B-Chat-v1.0,20,10,100,D,0.03,0.0,0.06,97,29,0.34,0.25,0.44,66,40,0.31
TinyLlama-1.1B-Chat-v1.0,TinyLlama/TinyLlama-1.1B-Chat-v1.0,25,5,100,D,0.15,0.09,0.23,85,37,0.46,0.36,0.56,54,35,0.31
TinyLlama-1.1B-Chat-v1.0,TinyLlama/TinyLlama-1.1B-Chat-v1.0,25,7,100,D,0.02,0.0,0.05,98,39,0.36,0.27,0.46,64,39,0.34
TinyLlama-1.1B-Chat-v1.0,TinyLlama/TinyLlama-1.1B-Chat-v1.0,25,10,100,D,0.03,0.0,0.07,97,62,0.23,0.15,0.31,77,62,0.2
TinyLlama-1.1B-Chat-v1.0,TinyLlama/TinyLlama-1.1B-Chat-v1.0,30,5,100,D,0.05,0.01,0.1,95,59,0.35,0.26,0.44,65,41,0.3
TinyLlama-1.1B-Chat-v1.0,TinyLlama/TinyLlama-1.1B-Chat-v1.0,30,7,100,D,0.03,0.0,0.06,97,44,0.27,0.18,0.36,73,55,0.24
gemma-3-1b-it,google/gemma-3-1b-it,2,5,100,C,0.73,0.64,0.82,27,5,0.14,0.08,0.21,86,0,-0.59
gemma-3-1b-it,google/gemma-3-1b-it,2,7,100,C,0.82,0.74,0.89,18,7,0.1,0.04,0.16,90,2,-0.72
gemma-3-1b-it,google/gemma-3-1b-it,2,10,100,C,0.77,0.68,0.85,23,8,0.11,0.05,0.1702,89,6,-0.66
gemma-3-1b-it,google/gemma-3-1b-it,2,15,100,C,0.74,0.66,0.82,26,14,0.06,0.02,0.11,94,12,-0.68
gemma-3-1b-it,google/gemma-3-1b-it,2,20,100,C,0.8,0.72,0.87,20,10,0.07,0.03,0.12,93,19,-0.73
gemma-3-1b-it,google/gemma-3-1b-it,2,30,100,C,0.84,0.76,0.91,16,11,0.04,0.01,0.09,96,13,-0.8
gemma-3-1b-it,google/gemma-3-1b-it,2,50,100,C,0.67,0.58,0.76,33,26,0.01,0.0,0.03,99,31,-0.66
gemma-3-1b-it,google/gemma-3-1b-it,2,75,100,C,0.64,0.54,0.73,36,28,0.0,0.0,0.0,100,28,-0.64
gemma-3-1b-it,google/gemma-3-1b-it,2,100,100,C,0.64,0.55,0.73,36,25,0.0,0.0,0.0,100,31,-0.64
gemma-3-1b-it,google/gemma-3-1b-it,3,5,100,C,0.62,0.53,0.7102,38,7,0.06,0.02,0.11,94,1,-0.56
gemma-3-1b-it,google/gemma-3-1b-it,3,7,100,C,0.65,0.55,0.74,35,5,0.05,0.01,0.1,95,4,-0.6
gemma-3-1b-it,google/gemma-3-1b-it,3,10,100,C,0.6,0.51,0.7,40,12,0.06,0.02,0.1,94,2,-0.54
gemma-3-1b-it,google/gemma-3-1b-it,3,15,100,C,0.73,0.64,0.82,27,11,0.01,0.0,0.03,99,14,-0.72
gemma-3-1b-it,google/gemma-3-1b-it,3,20,100,C,0.7,0.61,0.78,30,11,0.02,0.0,0.05,98,6,-0.68
gemma-3-1b-it,google/gemma-3-1b-it,3,30,100,C,0.69,0.6,0.78,31,13,0.02,0.0,0.05,98,19,-0.67
gemma-3-1b-it,google/gemma-3-1b-it,3,50,100,C,0.55,0.45,0.65,45,31,0.0,0.0,0.0,100,18,-0.55
gemma-3-1b-it,google/gemma-3-1b-it,3,75,100,C,0.56,0.46,0.65,44,20,0.01,0.0,0.03,99,27,-0.55
gemma-3-1b-it,google/gemma-3-1b-it,5,5,100,C,0.64,0.55,0.73,36,2,0.03,0.0,0.07,97,3,-0.61
gemma-3-1b-it,google/gemma-3-1b-it,5,7,100,C,0.51,0.41,0.61,49,4,0.05,0.01,0.1,95,4,-0.46
gemma-3-1b-it,google/gemma-3-1b-it,5,10,100,C,0.56,0.46,0.66,44,9,0.02,0.0,0.05,98,7,-0.54
gemma-3-1b-it,google/gemma-3-1b-it,5,15,100,C,0.61,0.51,0.7,39,9,0.07,0.02,0.12,93,10,-0.54
gemma-3-1b-it,google/gemma-3-1b-it,5,20,100,C,0.51,0.41,0.61,49,33,0.02,0.0,0.05,98,24,-0.49
gemma-3-1b-it,google/gemma-3-1b-it,5,30,100,C,0.47,0.37,0.56,53,27,0.01,0.0,0.03,99,14,-0.46
gemma-3-1b-it,google/gemma-3-1b-it,5,50,100,C,0.39,0.29,0.49,61,22,0.0,0.0,0.0,100,14,-0.39
gemma-3-1b-it,google/gemma-3-1b-it,5,75,100,C,0.48,0.38,0.58,52,19,0.0,0.0,0.0,100,15,-0.48
gemma-3-1b-it,google/gemma-3-1b-it,7,5,100,C,0.62,0.53,0.72,38,3,0.08,0.03,0.14,92,2,-0.54
gemma-3-1b-it,google/gemma-3-1b-it,7,7,100,C,0.55,0.45,0.65,45,3,0.04,0.01,0.08,96,2,-0.51
gemma-3-1b-it,google/gemma-3-1b-it,7,10,100,C,0.54,0.44,0.63,46,10,0.09,0.04,0.1402,91,6,-0.45
gemma-3-1b-it,google/gemma-3-1b-it,7,15,100,C,0.56,0.46,0.66,44,20,0.0,0.0,0.0,100,13,-0.56
gemma-3-1b-it,google/gemma-3-1b-it,7,20,100,C,0.42,0.32,0.52,58,28,0.0,0.0,0.0,100,13,-0.42
gemma-3-1b-it,google/gemma-3-1b-it,7,30,100,C,0.31,0.22,0.4,69,20,0.0,0.0,0.0,100,20,-0.31
gemma-3-1b-it,google/gemma-3-1b-it,10,5,100,C,0.59,0.49,0.69,41,1,0.12,0.06,0.19,88,3,-0.47
gemma-3-1b-it,google/gemma-3-1b-it,10,7,100,C,0.65,0.55,0.74,35,11,0.06,0.02,0.11,94,5,-0.59
gemma-3-1b-it,google/gemma-3-1b-it,10,10,100,C,0.49,0.4,0.59,51,24,0.02,0.0,0.05,98,7,-0.47
gemma-3-1b-it,google/gemma-3-1b-it,10,15,100,C,0.45,0.36,0.55,55,23,0.0,0.0,0.0,100,10,-0.45
gemma-3-1b-it,google/gemma-3-1b-it,10,20,100,C,0.31,0.22,0.4,69,22,0.01,0.0,0.03,99,27,-0.3
gemma-3-1b-it,google/gemma-3-1b-it,10,30,100,C,0.34,0.25,0.44,66,24,0.01,0.0,0.03,99,12,-0.33
gemma-3-1b-it,google/gemma-3-1b-it,15,5,100,C,0.72,0.63,0.8,28,7,0.06,0.02,0.11,94,0,-0.66
gemma-3-1b-it,google/gemma-3-1b-it,15,7,100,C,0.64,0.54,0.73,36,13,0.02,0.0,0.05,98,6,-0.62
gemma-3-1b-it,google/gemma-3-1b-it,15,10,100,C,0.55,0.46,0.65,45,12,0.03,0.0,0.07,97,7,-0.52
gemma-3-1b-it,google/gemma-3-1b-it,15,15,100,C,0.43,0.34,0.53,57,19,0.01,0.0,0.03,99,16,-0.42
gemma-3-1b-it,google/gemma-3-1b-it,15,20,100,C,0.34,0.25,0.44,66,17,0.0,0.0,0.0,100,18,-0.34
gemma-3-1b-it,google/gemma-3-1b-it,15,30,100,C,0.47,0.37,0.57,53,31,0.0,0.0,0.0,100,34,-0.47
gemma-3-1b-it,google/gemma-3-1b-it,20,5,100,C,0.75,0.6698,0.83,25,13,0.01,0.0,0.03,99,7,-0.74
gemma-3-1b-it,google/gemma-3-1b-it,20,7,100,C,0.65,0.56,0.74,35,13,0.01,0.0,0.03,99,17,-0.64
gemma-3-1b-it,google/gemma-3-1b-it,20,10,100,C,0.37,0.28,0.47,63,16,0.02,0.0,0.05,98,15,-0.35
gemma-3-1b-it,google/gemma-3-1b-it,20,15,100,C,0.42,0.32,0.52,58,23,0.01,0.0,0.03,99,26,-0.41
gemma-3-1b-it,google/gemma-3-1b-it,25,5,100,C,0.69,0.6,0.78,31,9,0.0,0.0,0.0,100,8,-0.69
gemma-3-1b-it,google/gemma-3-1b-it,25,7,100,C,0.56,0.47,0.66,44,14,0.0,0.0,0.0,100,9,-0.56
gemma-3-1b-it,google/gemma-3-1b-it,25,10,100,C,0.53,0.43,0.63,47,20,0.02,0.0,0.05,98,12,-0.51
gemma-3-1b-it,google/gemma-3-1b-it,25,15,100,C,0.38,0.2898,0.47,62,36,0.0,0.0,0.0,100,32,-0.38
gemma-3-1b-it,google/gemma-3-1b-it,30,5,100,C,0.65,0.55,0.74,35,12,0.0,0.0,0.0,100,13,-0.65
gemma-3-1b-it,google/gemma-3-1b-it,30,7,100,C,0.53,0.44,0.63,47,16,0.05,0.01,0.1,95,19,-0.48
gemma-3-1b-it,google/gemma-3-1b-it,30,10,100,C,0.52,0.42,0.62,48,14,0.01,0.0,0.03,99,16,-0.51
gemma-3-1b-it,google/gemma-3-1b-it,30,15,100,C,0.54,0.44,0.6302,46,35,0.01,0.0,0.03,99,28,-0.53
gemma-3-270m-it,google/gemma-3-270m-it,2,5,100,D,0.05,0.01,0.1,95,77,0.07,0.0298,0.12,93,53,0.02
gemma-3-270m-it,google/gemma-3-270m-it,2,7,100,A,0.04,0.01,0.08,96,78,0.01,0.0,0.03,99,79,-0.03
gemma-3-270m-it,google/gemma-3-270m-it,2,10,100,A,0.02,0.0,0.05,98,92,0.0,0.0,0.0,100,91,-0.02
gemma-3-270m-it,google/gemma-3-270m-it,2,15,100,A,0.02,0.0,0.05,98,92,0.0,0.0,0.0,100,93,-0.02
gemma-3-270m-it,google/gemma-3-270m-it,3,5,100,AB,0.08,0.03,0.14,92,80,0.02,0.0,0.05,98,68,-0.06
gemma-3-270m-it,google/gemma-3-270m-it,3,7,100,A,0.03,0.0,0.07,97,93,0.01,0.0,0.03,99,85,-0.02
gemma-3-270m-it,google/gemma-3-270m-it,3,10,100,A,0.01,0.0,0.03,99,97,0.0,0.0,0.0,100,90,-0.01
gemma-3-270m-it,google/gemma-3-270m-it,3,15,100,AB,0.09,0.04,0.15,91,87,0.02,0.0,0.05,98,73,-0.07
gemma-3-270m-it,google/gemma-3-270m-it,3,20,100,AB,0.12,0.06,0.18,88,83,0.0,0.0,0.0,100,89,-0.12
gemma-3-270m-it,google/gemma-3-270m-it,5,5,100,D,0.02,0.0,0.05,98,94,0.03,0.0,0.07,97,89,0.01
gemma-3-270m-it,google/gemma-3-270m-it,5,7,100,A,0.04,0.01,0.09,96,92,0.02,0.0,0.05,98,82,-0.02
gemma-3-270m-it,google/gemma-3-270m-it,5,10,100,AB,0.1,0.05,0.16,90,83,0.01,0.0,0.03,99,91,-0.09
gemma-3-270m-it,google/gemma-3-270m-it,5,15,100,AB,0.15,0.08,0.22,85,84,0.02,0.0,0.05,98,82,-0.13
gemma-3-270m-it,google/gemma-3-270m-it,5,20,100,C,0.36,0.27,0.46,64,50,0.04,0.01,0.08,96,65,-0.32
gemma-3-270m-it,google/gemma-3-270m-it,5,30,100,C,0.44,0.34,0.54,56,53,0.01,0.0,0.03,99,63,-0.43
gemma-3-270m-it,google/gemma-3-270m-it,5,50,100,B,0.25,0.17,0.34,75,64,0.02,0.0,0.05,98,67,-0.23
gemma-3-270m-it,google/gemma-3-270m-it,5,75,100,B,0.19,0.12,0.26,81,66,0.01,0.0,0.03,99,63,-0.18
gemma-3-270m-it,google/gemma-3-270m-it,7,5,100,AB,0.14,0.08,0.21,86,83,0.04,0.01,0.08,96,77,-0.1
gemma-3-270m-it,google/gemma-3-270m-it,7,7,100,A,0.06,0.02,0.11,94,91,0.06,0.02,0.11,94,74,0.0
gemma-3-270m-it,google/gemma-3-270m-it,7,10,100,AB,0.1,0.04,0.16,90,86,0.01,0.0,0.03,99,87,-0.09
gemma-3-270m-it,google/gemma-3-270m-it,7,15,100,C,0.33,0.24,0.42,67,60,0.02,0.0,0.05,98,57,-0.31
gemma-3-270m-it,google/gemma-3-270m-it,7,20,100,C,0.31,0.22,0.4,69,62,0.01,0.0,0.03,99,61,-0.3
gemma-3-270m-it,google/gemma-3-270m-it,7,30,100,C,0.47,0.37,0.5702,53,43,0.04,0.01,0.08,96,56,-0.43
gemma-3-270m-it,google/gemma-3-270m-it,7,50,100,C,0.29,0.2,0.38,71,61,0.0,0.0,0.0,100,71,-0.29
gemma-3-270m-it,google/gemma-3-270m-it,10,5,100,AB,0.09,0.04,0.15,91,84,0.02,0.0,0.05,98,85,-0.07
gemma-3-270m-it,google/gemma-3-270m-it,10,7,100,B,0.22,0.14,0.3,78,75,0.05,0.01,0.1,95,86,-0.17
gemma-3-270m-it,google/gemma-3-270m-it,10,10,100,B,0.3,0.21,0.4,70,52,0.08,0.03,0.13,92,63,-0.22
gemma-3-270m-it,google/gemma-3-270m-it,10,15,100,C,0.35,0.2598,0.44,65,61,0.03,0.0,0.07,97,66,-0.32
gemma-3-270m-it,google/gemma-3-270m-it,10,20,100,C,0.39,0.3,0.48,61,50,0.02,0.0,0.05,98,60,-0.37
gemma-3-270m-it,google/gemma-3-270m-it,10,30,100,C,0.32,0.23,0.41,68,56,0.0,0.0,0.0,100,56,-0.32
gemma-3-270m-it,google/gemma-3-270m-it,10,50,100,B,0.24,0.16,0.33,76,66,0.03,0.0,0.07,97,70,-0.21
gemma-3-270m-it,google/gemma-3-270m-it,10,75,100,AB,0.1,0.05,0.16,90,77,0.0,0.0,0.0,100,77,-0.1
gemma-3-270m-it,google/gemma-3-270m-it,10,100,100,A,0.01,0.0,0.03,99,87,0.01,0.0,0.03,99,91,0.0
gemma-3-270m-it,google/gemma-3-270m-it,15,5,100,B,0.2,0.12,0.28,80,71,0.01,0.0,0.03,99,75,-0.19
gemma-3-270m-it,google/gemma-3-270m-it,15,7,100,C,0.34,0.25,0.43,66,52,0.06,0.02,0.11,94,64,-0.28
gemma-3-270m-it,google/gemma-3-270m-it,15,10,100,C,0.35,0.26,0.45,65,52,0.07,0.03,0.12,93,59,-0.28
gemma-3-270m-it,google/gemma-3-270m-it,15,15,100,C,0.34,0.25,0.43,66,58,0.02,0.0,0.05,98,51,-0.32
gemma-3-270m-it,google/gemma-3-270m-it,15,20,100,C,0.3,0.21,0.39,70,63,0.01,0.0,0.03,99,65,-0.29
gemma-3-270m-it,google/gemma-3-270m-it,15,30,100,B,0.2,0.13,0.28,80,71,0.03,0.0,0.07,97,72,-0.17
gemma-3-270m-it,google/gemma-3-270m-it,15,50,100,AB,0.05,0.01,0.0902,95,85,0.0,0.0,0.0,100,83,-0.05
gemma-3-270m-it,google/gemma-3-270m-it,15,75,100,A,0.01,0.0,0.03,99,94,0.0,0.0,0.0,100,97,-0.01
gemma-3-270m-it,google/gemma-3-270m-it,20,5,100,C,0.36,0.27,0.46,64,53,0.05,0.01,0.1,95,55,-0.31
gemma-3-270m-it,google/gemma-3-270m-it,20,7,100,B,0.25,0.17,0.33,75,67,0.07,0.02,0.12,93,64,-0.18
gemma-3-270m-it,google/gemma-3-270m-it,20,10,100,C,0.32,0.23,0.41,68,52,0.05,0.01,0.1,95,60,-0.27
gemma-3-270m-it,google/gemma-3-270m-it,20,15,100,B,0.28,0.19,0.37,72,65,0.05,0.01,0.09,95,61,-0.23
gemma-3-270m-it,google/gemma-3-270m-it,20,20,100,B,0.25,0.17,0.34,75,69,0.02,0.0,0.05,98,78,-0.23
gemma-3-270m-it,google/gemma-3-270m-it,20,30,100,AB,0.09,0.04,0.15,91,86,0.02,0.0,0.05,98,69,-0.07
gemma-3-270m-it,google/gemma-3-270m-it,20,50,100,D,0.01,0.0,0.03,99,95,0.02,0.0,0.05,98,92,0.01
gemma-3-270m-it,google/gemma-3-270m-it,20,75,100,A,0.03,0.0,0.07,97,84,0.03,0.0,0.07,97,84,0.0
gemma-3-270m-it,google/gemma-3-270m-it,25,5,100,B,0.31,0.22,0.4002,69,59,0.1,0.05,0.16,90,59,-0.21
gemma-3-270m-it,google/gemma-3-270m-it,25,7,100,C,0.32,0.23,0.41,68,56,0.05,0.01,0.1,95,61,-0.27
gemma-3-270m-it,google/gemma-3-270m-it,25,10,100,B,0.24,0.16,0.33,76,65,0.02,0.0,0.05,98,50,-0.22
gemma-3-270m-it,google/gemma-3-270m-it,25,15,100,B,0.18,0.11,0.26,82,76,0.02,0.0,0.05,98,63,-0.16
gemma-3-270m-it,google/gemma-3-270m-it,25,20,100,AB,0.13,0.07,0.2,87,80,0.08,0.03,0.14,92,76,-0.05
gemma-3-270m-it,google/gemma-3-270m-it,25,30,100,A,0.03,0.0,0.07,97,94,0.01,0.0,0.03,99,88,-0.02
gemma-3-270m-it,google/gemma-3-270m-it,25,50,100,AB,0.09,0.04,0.15,91,80,0.03,0.0,0.07,97,76,-0.06
gemma-3-270m-it,google/gemma-3-270m-it,30,5,100,C,0.33,0.24,0.42,67,53,0.07,0.02,0.12,93,61,-0.26
gemma-3-270m-it,google/gemma-3-270m-it,30,7,100,C,0.34,0.25,0.43,66,56,0.06,0.02,0.11,94,52,-0.28
gemma-3-270m-it,google/gemma-3-270m-it,30,10,100,B,0.28,0.19,0.37,72,69,0.05,0.01,0.1,95,58,-0.23
gemma-3-270m-it,google/gemma-3-270m-it,30,15,100,A,0.12,0.06,0.19,88,84,0.1,0.04,0.16,90,75,-0.02
gemma-3-270m-it,google/gemma-3-270m-it,30,20,100,D,0.05,0.01,0.09,95,93,0.1,0.04,0.16,90,65,0.05
gemma-3-270m-it,google/gemma-3-270m-it,30,30,100,A,0.03,0.0,0.07,97,88,0.02,0.0,0.05,98,81,-0.01
gemma-3-270m-it,google/gemma-3-270m-it,30,50,100,D,0.02,0.0,0.05,98,85,0.04,0.01,0.08,96,79,0.02
gemma-3-4b-it,google/gemma-3-4b-it,2,5,100,AB,1.0,1.0,1.0,0,0,0.87,0.8,0.93,13,3,-0.13
gemma-3-4b-it,google/gemma-3-4b-it,2,7,100,C,0.99,0.97,1.0,1,0,0.64,0.55,0.73,36,6,-0.35
gemma-3-4b-it,google/gemma-3-4b-it,2,10,100,C,1.0,1.0,1.0,0,0,0.66,0.57,0.75,34,9,-0.34
gemma-3-4b-it,google/gemma-3-4b-it,2,15,100,C,1.0,1.0,1.0,0,0,0.7,0.6,0.79,30,7,-0.3
gemma-3-4b-it,google/gemma-3-4b-it,2,20,100,C,1.0,1.0,1.0,0,0,0.67,0.58,0.76,33,16,-0.33
gemma-3-4b-it,google/gemma-3-4b-it,2,30,100,C,1.0,1.0,1.0,0,0,0.62,0.53,0.71,38,16,-0.38
gemma-3-4b-it,google/gemma-3-4b-it,2,50,100,C,1.0,1.0,1.0,0,0,0.54,0.44,0.63,46,16,-0.46
gemma-3-4b-it,google/gemma-3-4b-it,2,75,100,C,0.99,0.97,1.0,1,0,0.45,0.35,0.55,55,21,-0.54
gemma-3-4b-it,google/gemma-3-4b-it,2,100,100,C,0.99,0.97,1.0,1,0,0.38,0.29,0.47,62,12,-0.61
gemma-3-4b-it,google/gemma-3-4b-it,3,5,100,AB,1.0,1.0,1.0,0,0,0.87,0.8,0.94,13,2,-0.13
gemma-3-4b-it,google/gemma-3-4b-it,3,7,100,C,0.99,0.97,1.0,1,0,0.74,0.65,0.82,26,2,-0.25
gemma-3-4b-it,google/gemma-3-4b-it,3,10,100,B,0.99,0.97,1.0,1,0,0.77,0.69,0.85,23,3,-0.22
gemma-3-4b-it,google/gemma-3-4b-it,3,15,100,B,1.0,1.0,1.0,0,0,0.84,0.77,0.91,16,0,-0.16
gemma-3-4b-it,google/gemma-3-4b-it,3,20,100,C,1.0,1.0,1.0,0,0,0.67,0.57,0.76,33,10,-0.33
gemma-3-4b-it,google/gemma-3-4b-it,3,30,100,C,0.98,0.95,1.0,2,1,0.61,0.52,0.7,39,9,-0.37
gemma-3-4b-it,google/gemma-3-4b-it,3,50,100,C,1.0,1.0,1.0,0,0,0.57,0.47,0.67,43,11,-0.43
gemma-3-4b-it,google/gemma-3-4b-it,3,75,100,C,0.97,0.94,1.0,3,2,0.6,0.5,0.7,40,7,-0.37
gemma-3-4b-it,google/gemma-3-4b-it,3,100,100,C,0.98,0.95,1.0,2,2,0.52,0.42,0.62,48,12,-0.46
gemma-3-4b-it,google/gemma-3-4b-it,5,5,100,AB,0.98,0.95,1.0,2,0,0.86,0.79,0.93,14,0,-0.12
gemma-3-4b-it,google/gemma-3-4b-it,5,7,100,B,1.0,1.0,1.0,0,0,0.76,0.67,0.84,24,2,-0.24
gemma-3-4b-it,google/gemma-3-4b-it,5,10,100,C,0.99,0.97,1.0,1,0,0.69,0.6,0.78,31,8,-0.3
gemma-3-4b-it,google/gemma-3-4b-it,5,15,100,C,1.0,1.0,1.0,0,0,0.72,0.6398,0.8,28,6,-0.28
gemma-3-4b-it,google/gemma-3-4b-it,5,20,100,B,0.99,0.97,1.0,1,1,0.82,0.7498,0.89,18,6,-0.17
gemma-3-4b-it,google/gemma-3-4b-it,5,30,100,C,1.0,1.0,1.0,0,0,0.71,0.62,0.8,29,7,-0.29
gemma-3-4b-it,google/gemma-3-4b-it,5,50,100,C,1.0,1.0,1.0,0,0,0.66,0.57,0.75,34,8,-0.34
gemma-3-4b-it,google/gemma-3-4b-it,5,75,100,C,0.97,0.93,1.0,3,0,0.53,0.44,0.62,47,12,-0.44
gemma-3-4b-it,google/gemma-3-4b-it,5,100,100,C,0.96,0.92,0.99,4,2,0.4,0.3,0.5,60,8,-0.56
gemma-3-4b-it,google/gemma-3-4b-it,7,5,100,B,1.0,1.0,1.0,0,0,0.82,0.74,0.89,18,1,-0.18
gemma-3-4b-it,google/gemma-3-4b-it,7,7,100,B,1.0,1.0,1.0,0,0,0.85,0.7798,0.91,15,2,-0.15
gemma-3-4b-it,google/gemma-3-4b-it,7,10,100,B,0.99,0.97,1.0,1,0,0.78,0.69,0.87,22,5,-0.21
gemma-3-4b-it,google/gemma-3-4b-it,7,15,100,B,0.99,0.97,1.0,1,1,0.78,0.7,0.86,22,6,-0.21
gemma-3-4b-it,google/gemma-3-4b-it,7,20,100,C,0.99,0.97,1.0,1,1,0.71,0.62,0.79,29,6,-0.28
gemma-3-4b-it,google/gemma-3-4b-it,7,30,100,C,0.95,0.91,0.99,5,1,0.52,0.42,0.62,48,4,-0.43
gemma-3-4b-it,google/gemma-3-4b-it,7,50,100,C,0.95,0.9,0.99,5,2,0.5,0.4,0.6,50,11,-0.45
gemma-3-4b-it,google/gemma-3-4b-it,7,75,100,C,0.93,0.88,0.97,7,2,0.31,0.22,0.4,69,17,-0.62
gemma-3-4b-it,google/gemma-3-4b-it,7,100,100,C,0.94,0.9,0.98,6,1,0.17,0.1,0.25,83,7,-0.77
gemma-3-4b-it,google/gemma-3-4b-it,10,5,100,AB,1.0,1.0,1.0,0,0,0.9,0.84,0.95,10,1,-0.1
gemma-3-4b-it,google/gemma-3-4b-it,10,7,100,B,1.0,1.0,1.0,0,0,0.77,0.69,0.85,23,4,-0.23
gemma-3-4b-it,google/gemma-3-4b-it,10,10,100,C,1.0,1.0,1.0,0,0,0.71,0.62,0.79,29,6,-0.29
gemma-3-4b-it,google/gemma-3-4b-it,10,15,100,B,0.99,0.97,1.0,1,0,0.81,0.73,0.89,19,4,-0.18
gemma-3-4b-it,google/gemma-3-4b-it,10,20,100,C,0.99,0.97,1.0,1,1,0.55,0.4598,0.65,45,2,-0.44
gemma-3-4b-it,google/gemma-3-4b-it,10,30,100,C,0.99,0.97,1.0,1,0,0.46,0.37,0.56,54,9,-0.53
gemma-3-4b-it,google/gemma-3-4b-it,10,50,100,C,0.93,0.88,0.97,7,3,0.32,0.23,0.41,68,7,-0.61
gemma-3-4b-it,google/gemma-3-4b-it,10,75,100,C,0.92,0.86,0.97,8,2,0.14,0.08,0.21,86,6,-0.78
gemma-3-4b-it,google/gemma-3-4b-it,10,100,100,C,0.86,0.79,0.92,14,4,0.1,0.05,0.16,90,4,-0.76
gemma-3-4b-it,google/gemma-3-4b-it,15,5,100,B,1.0,1.0,1.0,0,0,0.8,0.72,0.87,20,4,-0.2
gemma-3-4b-it,google/gemma-3-4b-it,15,7,100,C,0.97,0.93,1.0,3,2,0.64,0.55,0.73,36,7,-0.33
gemma-3-4b-it,google/gemma-3-4b-it,15,10,100,C,0.98,0.95,1.0,2,1,0.59,0.4998,0.68,41,6,-0.39
gemma-3-4b-it,google/gemma-3-4b-it,15,15,100,C,0.95,0.91,0.99,5,1,0.44,0.35,0.54,56,2,-0.51
gemma-3-4b-it,google/gemma-3-4b-it,15,20,100,C,0.92,0.86,0.97,8,2,0.32,0.23,0.42,68,7,-0.6
gemma-3-4b-it,google/gemma-3-4b-it,15,30,100,C,0.92,0.87,0.97,8,2,0.22,0.14,0.3,78,7,-0.7
gemma-3-4b-it,google/gemma-3-4b-it,15,50,100,C,0.85,0.77,0.92,15,2,0.12,0.06,0.18,88,2,-0.73
gemma-3-4b-it,google/gemma-3-4b-it,15,75,100,C,0.82,0.74,0.89,18,1,0.09,0.04,0.15,91,5,-0.73
gemma-3-4b-it,google/gemma-3-4b-it,15,100,100,C,0.85,0.78,0.91,15,2,0.02,0.0,0.05,98,2,-0.83
gemma-3-4b-it,google/gemma-3-4b-it,20,5,100,B,0.92,0.86,0.97,8,4,0.77,0.68,0.85,23,3,-0.15
gemma-3-4b-it,google/gemma-3-4b-it,20,7,100,C,0.99,0.97,1.0,1,0,0.7,0.61,0.79,30,5,-0.29
gemma-3-4b-it,google/gemma-3-4b-it,20,10,100,C,0.96,0.92,0.99,4,2,0.36,0.27,0.46,64,2,-0.6
gemma-3-4b-it,google/gemma-3-4b-it,20,15,100,C,0.95,0.9,0.99,5,1,0.32,0.23,0.41,68,3,-0.63
gemma-3-4b-it,google/gemma-3-4b-it,20,20,100,C,0.89,0.83,0.95,11,2,0.22,0.14,0.31,78,6,-0.67
gemma-3-4b-it,google/gemma-3-4b-it,20,30,100,C,0.83,0.75,0.9,17,5,0.16,0.09,0.23,84,1,-0.67
gemma-3-4b-it,google/gemma-3-4b-it,20,50,100,C,0.85,0.78,0.92,15,4,0.08,0.03,0.14,92,3,-0.77
gemma-3-4b-it,google/gemma-3-4b-it,20,75,100,C,0.85,0.77,0.92,15,2,0.07,0.03,0.12,93,2,-0.78
gemma-3-4b-it,google/gemma-3-4b-it,25,5,100,C,0.97,0.93,1.0,3,3,0.7,0.61,0.79,30,4,-0.27
gemma-3-4b-it,google/gemma-3-4b-it,25,7,100,C,0.96,0.92,0.99,4,1,0.55,0.45,0.65,45,1,-0.41
gemma-3-4b-it,google/gemma-3-4b-it,25,10,100,C,0.95,0.9,0.99,5,1,0.32,0.23,0.41,68,2,-0.63
gemma-3-4b-it,google/gemma-3-4b-it,25,15,100,C,0.88,0.81,0.94,12,3,0.13,0.07,0.2,87,2,-0.75
gemma-3-4b-it,google/gemma-3-4b-it,25,20,100,C,0.8,0.72,0.87,20,5,0.12,0.06,0.19,88,2,-0.68
gemma-3-4b-it,google/gemma-3-4b-it,25,30,100,C,0.86,0.79,0.92,14,3,0.04,0.01,0.08,96,3,-0.82
gemma-3-4b-it,google/gemma-3-4b-it,25,50,100,C,0.81,0.73,0.88,19,4,0.09,0.04,0.15,91,5,-0.72
gemma-3-4b-it,google/gemma-3-4b-it,30,5,100,C,0.98,0.95,1.0,2,1,0.49,0.39,0.59,51,3,-0.49
gemma-3-4b-it,google/gemma-3-4b-it,30,7,100,C,0.94,0.89,0.98,6,3,0.39,0.3,0.49,61,0,-0.55
gemma-3-4b-it,google/gemma-3-4b-it,30,10,100,C,0.94,0.89,0.98,6,1,0.21,0.13,0.29,79,1,-0.73
gemma-3-4b-it,google/gemma-3-4b-it,30,15,100,C,0.83,0.75,0.9,17,6,0.16,0.09,0.24,84,2,-0.67
gemma-3-4b-it,google/gemma-3-4b-it,30,20,100,C,0.89,0.83,0.95,11,3,0.09,0.04,0.15,91,2,-0.8
gemma-3-4b-it,google/gemma-3-4b-it,30,30,100,C,0.91,0.85,0.96,9,1,0.04,0.01,0.0802,96,1,-0.87
gemma-3-4b-it,google/gemma-3-4b-it,30,50,100,C,0.87,0.8,0.93,13,3,0.06,0.02,0.11,94,0,-0.81
mamba-1.4b-hf,state-spaces/mamba-1.4b-hf,2,5,100,C,0.7,0.61,0.79,30,30,0.05,0.01,0.1,95,16,-0.65
mamba-1.4b-hf,state-spaces/mamba-1.4b-hf,2,7,100,C,0.75,0.66,0.83,25,24,0.07,0.03,0.12,93,22,-0.68
mamba-1.4b-hf,state-spaces/mamba-1.4b-hf,2,10,100,C,0.65,0.55,0.74,35,35,0.06,0.02,0.11,94,28,-0.59
pythia-410m,EleutherAI/pythia-410m,2,5,100,C,0.6,0.5,0.69,40,13,0.13,0.06,0.2,87,32,-0.47
pythia-410m,EleutherAI/pythia-410m,2,7,100,C,0.68,0.59,0.77,32,15,0.06,0.02,0.11,94,30,-0.62
pythia-410m,EleutherAI/pythia-410m,2,10,100,C,0.47,0.37,0.57,53,33,0.03,0.0,0.07,97,38,-0.44
pythia-410m,EleutherAI/pythia-410m,2,15,100,C,0.5,0.4,0.6,50,28,0.16,0.09,0.23,84,38,-0.34
pythia-410m,EleutherAI/pythia-410m,2,20,100,C,0.34,0.25,0.43,66,28,0.09,0.04,0.15,91,39,-0.25
pythia-410m,EleutherAI/pythia-410m,2,30,100,D,0.01,0.0,0.03,99,53,0.09,0.04,0.15,91,47,0.08
pythia-410m,EleutherAI/pythia-410m,2,50,100,D,0.0,0.0,0.0,100,62,0.14,0.08,0.21,86,37,0.14
pythia-410m,EleutherAI/pythia-410m,2,75,100,D,0.0,0.0,0.0,100,56,0.09,0.04,0.15,91,45,0.09
pythia-410m,EleutherAI/pythia-410m,3,5,100,C,0.65,0.55,0.74,35,23,0.12,0.06,0.1802,88,34,-0.53
pythia-410m,EleutherAI/pythia-410m,3,7,100,C,0.46,0.3698,0.56,54,33,0.16,0.09,0.23,84,37,-0.3
pythia-410m,EleutherAI/pythia-410m,3,10,100,AB,0.29,0.2,0.38,71,47,0.15,0.08,0.22,85,42,-0.14
pythia-410m,EleutherAI/pythia-410m,3,15,100,D,0.16,0.09,0.23,84,47,0.17,0.1,0.24,83,41,0.01
pythia-410m,EleutherAI/pythia-410m,3,20,100,D,0.02,0.0,0.05,98,61,0.16,0.09,0.24,84,54,0.14
pythia-410m,EleutherAI/pythia-410m,3,30,100,D,0.0,0.0,0.0,100,70,0.2,0.13,0.28,80,49,0.2
pythia-410m,EleutherAI/pythia-410m,3,50,100,D,0.0,0.0,0.0,100,59,0.19,0.12,0.27,81,56,0.19
pythia-410m,EleutherAI/pythia-410m,3,75,100,D,0.0,0.0,0.0,100,76,0.11,0.05,0.18,89,70,0.11
pythia-410m,EleutherAI/pythia-410m,5,5,100,A,0.23,0.15,0.31,77,53,0.21,0.13,0.29,79,42,-0.02
pythia-410m,EleutherAI/pythia-410m,5,7,100,D,0.2,0.12,0.28,80,45,0.21,0.14,0.29,79,47,0.01
pythia-410m,EleutherAI/pythia-410m,5,10,100,D,0.04,0.01,0.08,96,68,0.26,0.18,0.35,74,56,0.22
pythia-410m,EleutherAI/pythia-410m,5,15,100,D,0.0,0.0,0.0,100,73,0.22,0.14,0.3,78,59,0.22
pythia-410m,EleutherAI/pythia-410m,5,20,100,D,0.0,0.0,0.0,100,73,0.19,0.12,0.27,81,64,0.19
pythia-410m,EleutherAI/pythia-410m,5,30,100,D,0.0,0.0,0.0,100,69,0.18,0.11,0.2502,82,65,0.18
pythia-410m,EleutherAI/pythia-410m,7,5,100,D,0.15,0.08,0.22,85,56,0.2,0.13,0.28,80,44,0.05
pythia-410m,EleutherAI/pythia-410m,7,7,100,D,0.05,0.01,0.1,95,75,0.24,0.16,0.32,76,62,0.19
pythia-410m,EleutherAI/pythia-410m,7,10,100,D,0.01,0.0,0.03,99,75,0.21,0.13,0.29,79,67,0.2
pythia-410m,EleutherAI/pythia-410m,7,15,100,D,0.0,0.0,0.0,100,81,0.21,0.14,0.29,79,70,0.21
pythia-410m,EleutherAI/pythia-410m,7,20,100,D,0.0,0.0,0.0,100,73,0.15,0.09,0.22,85,66,0.15
pythia-410m,EleutherAI/pythia-410m,10,5,100,D,0.03,0.0,0.07,97,67,0.23,0.15,0.3102,77,67,0.2
pythia-410m,EleutherAI/pythia-410m,10,7,100,D,0.01,0.0,0.03,99,76,0.16,0.09,0.23,84,77,0.15
pythia-410m,EleutherAI/pythia-410m,10,10,100,D,0.01,0.0,0.03,99,78,0.18,0.11,0.26,82,74,0.17
pythia-410m,EleutherAI/pythia-410m,10,15,100,D,0.0,0.0,0.0,100,86,0.14,0.07,0.21,86,82,0.14
pythia-410m,EleutherAI/pythia-410m,15,5,100,D,0.0,0.0,0.0,100,80,0.2,0.13,0.28,80,72,0.2
pythia-410m,EleutherAI/pythia-410m,15,7,100,D,0.0,0.0,0.0,100,79,0.15,0.09,0.23,85,82,0.15
pythia-410m,EleutherAI/pythia-410m,15,10,100,D,0.0,0.0,0.0,100,83,0.16,0.09,0.24,84,81,0.16
pythia-410m,EleutherAI/pythia-410m,20,5,100,D,0.0,0.0,0.0,100,86,0.18,0.11,0.25,82,80,0.18
pythia-410m,EleutherAI/pythia-410m,20,7,100,D,0.0,0.0,0.0,100,85,0.1,0.05,0.1602,90,83,0.1
pythia-410m,EleutherAI/pythia-410m,20,10,100,D,0.0,0.0,0.0,100,98,0.13,0.07,0.2,87,85,0.13
pythia-410m,EleutherAI/pythia-410m,25,5,100,D,0.0,0.0,0.0,100,86,0.13,0.07,0.2,87,86,0.13
pythia-410m,EleutherAI/pythia-410m,25,7,100,D,0.01,0.0,0.03,99,85,0.18,0.11,0.26,82,81,0.17
pythia-410m,EleutherAI/pythia-410m,25,10,100,D,0.0,0.0,0.0,100,100,0.07,0.02,0.12,93,93,0.07
pythia-410m,EleutherAI/pythia-410m,30,5,100,D,0.0,0.0,0.0,100,88,0.14,0.08,0.21,86,85,0.14
pythia-410m,EleutherAI/pythia-410m,30,7,100,D,0.0,0.0,0.0,100,96,0.07,0.02,0.12,93,92,0.07
pythia-410m,EleutherAI/pythia-410m,30,10,100,A,0.0,0.0,0.0,100,97,0.0,0.0,0.0,100,98,0.0
stablelm-2-1_6b-chat,stabilityai/stablelm-2-1_6b-chat,2,5,100,A,0.06,0.02,0.11,94,87,0.02,0.0,0.05,98,92,-0.04
stablelm-2-1_6b-chat,stabilityai/stablelm-2-1_6b-chat,2,7,100,AB,0.09,0.04,0.15,91,85,0.03,0.0,0.07,97,79,-0.06
stablelm-2-1_6b-chat,stabilityai/stablelm-2-1_6b-chat,2,10,100,B,0.16,0.09,0.24,84,76,0.01,0.0,0.03,99,71,-0.15
stablelm-2-1_6b-chat,stabilityai/stablelm-2-1_6b-chat,2,15,100,C,0.58,0.48,0.68,42,36,0.0,0.0,0.0,100,33,-0.58
stablelm-2-1_6b-chat,stabilityai/stablelm-2-1_6b-chat,2,20,100,C,0.75,0.66,0.83,25,14,0.02,0.0,0.05,98,32,-0.73
stablelm-2-1_6b-chat,stabilityai/stablelm-2-1_6b-chat,2,30,100,C,0.85,0.78,0.92,15,7,0.01,0.0,0.03,99,35,-0.84
stablelm-2-1_6b-chat,stabilityai/stablelm-2-1_6b-chat,3,5,100,B,0.2,0.12,0.28,80,79,0.03,0.0,0.07,97,70,-0.17
stablelm-2-1_6b-chat,stabilityai/stablelm-2-1_6b-chat,3,7,100,AB,0.17,0.1,0.25,83,76,0.03,0.0,0.07,97,56,-0.14
stablelm-2-1_6b-chat,stabilityai/stablelm-2-1_6b-chat,3,10,100,C,0.48,0.38,0.58,52,47,0.02,0.0,0.05,98,44,-0.46
stablelm-2-1_6b-chat,stabilityai/stablelm-2-1_6b-chat,3,15,100,C,0.79,0.71,0.87,21,17,0.01,0.0,0.03,99,14,-0.78
stablelm-2-1_6b-chat,stabilityai/stablelm-2-1_6b-chat,3,20,100,C,0.85,0.78,0.92,15,9,0.0,0.0,0.0,100,16,-0.85
stablelm-2-1_6b-chat,stabilityai/stablelm-2-1_6b-chat,3,30,100,C,0.91,0.85,0.96,9,2,0.0,0.0,0.0,100,30,-0.91
stablelm-2-1_6b-chat,stabilityai/stablelm-2-1_6b-chat,5,5,100,C,0.32,0.23,0.41,68,64,0.07,0.02,0.12,93,34,-0.25
stablelm-2-1_6b-chat,stabilityai/stablelm-2-1_6b-chat,5,7,100,C,0.58,0.49,0.68,42,33,0.02,0.0,0.05,98,21,-0.56
stablelm-2-1_6b-chat,stabilityai/stablelm-2-1_6b-chat,5,10,100,C,0.73,0.64,0.82,27,15,0.01,0.0,0.03,99,14,-0.72
stablelm-2-1_6b-chat,stabilityai/stablelm-2-1_6b-chat,5,15,100,C,0.92,0.86,0.97,8,5,0.01,0.0,0.03,99,23,-0.91
stablelm-2-1_6b-chat,stabilityai/stablelm-2-1_6b-chat,5,20,100,C,0.9,0.84,0.95,10,2,0.01,0.0,0.03,99,19,-0.89
stablelm-2-1_6b-chat,stabilityai/stablelm-2-1_6b-chat,7,5,100,C,0.77,0.68,0.85,23,19,0.08,0.03,0.14,92,17,-0.69
stablelm-2-1_6b-chat,stabilityai/stablelm-2-1_6b-chat,7,7,100,C,0.83,0.75,0.9,17,9,0.03,0.0,0.07,97,6,-0.8
stablelm-2-1_6b-chat,stabilityai/stablelm-2-1_6b-chat,7,10,100,C,0.92,0.86,0.97,8,6,0.02,0.0,0.05,98,10,-0.9
stablelm-2-1_6b-chat,stabilityai/stablelm-2-1_6b-chat,7,15,100,C,0.92,0.87,0.97,8,4,0.03,0.0,0.07,97,22,-0.89
stablelm-2-1_6b-chat,stabilityai/stablelm-2-1_6b-chat,7,20,100,C,0.94,0.89,0.98,6,2,0.02,0.0,0.05,98,19,-0.92
stablelm-2-1_6b-chat,stabilityai/stablelm-2-1_6b-chat,7,30,100,C,0.95,0.9,0.99,5,5,0.0,0.0,0.0,100,30,-0.95
stablelm-2-1_6b-chat,stabilityai/stablelm-2-1_6b-chat,7,50,100,C,0.86,0.79,0.92,14,7,0.02,0.0,0.05,98,15,-0.84
stablelm-2-1_6b-chat,stabilityai/stablelm-2-1_6b-chat,7,75,100,C,0.77,0.68,0.85,23,13,0.0,0.0,0.0,100,18,-0.77
stablelm-2-1_6b-chat,stabilityai/stablelm-2-1_6b-chat,10,5,100,C,0.92,0.86,0.97,8,5,0.08,0.03,0.14,92,7,-0.84
stablelm-2-1_6b-chat,stabilityai/stablelm-2-1_6b-chat,10,7,100,C,0.9,0.84,0.95,10,4,0.06,0.02,0.11,94,17,-0.84
stablelm-2-1_6b-chat,stabilityai/stablelm-2-1_6b-chat,10,10,100,C,0.83,0.76,0.9,17,9,0.07,0.02,0.12,93,23,-0.76
stablelm-2-1_6b-chat,stabilityai/stablelm-2-1_6b-chat,10,15,100,C,0.87,0.8,0.9302,13,6,0.03,0.0,0.07,97,24,-0.84
stablelm-2-1_6b-chat,stabilityai/stablelm-2-1_6b-chat,10,20,100,C,0.84,0.77,0.91,16,10,0.05,0.01,0.1,95,25,-0.79
stablelm-2-1_6b-chat,stabilityai/stablelm-2-1_6b-chat,10,30,100,C,0.79,0.71,0.86,21,9,0.04,0.01,0.08,96,23,-0.75
stablelm-2-1_6b-chat,stabilityai/stablelm-2-1_6b-chat,10,50,100,C,0.81,0.73,0.88,19,9,0.04,0.01,0.08,96,16,-0.77
stablelm-2-1_6b-chat,stabilityai/stablelm-2-1_6b-chat,15,5,100,C,0.79,0.71,0.87,21,14,0.09,0.04,0.15,91,10,-0.7
stablelm-2-1_6b-chat,stabilityai/stablelm-2-1_6b-chat,15,7,100,C,0.85,0.78,0.92,15,7,0.07,0.03,0.12,93,22,-0.78
stablelm-2-1_6b-chat,stabilityai/stablelm-2-1_6b-chat,15,10,100,C,0.88,0.82,0.94,12,5,0.04,0.01,0.08,96,15,-0.84
stablelm-2-1_6b-chat,stabilityai/stablelm-2-1_6b-chat,15,15,100,C,0.76,0.67,0.84,24,11,0.04,0.01,0.08,96,25,-0.72
stablelm-2-1_6b-chat,stabilityai/stablelm-2-1_6b-chat,15,20,100,C,0.8,0.72,0.87,20,10,0.03,0.0,0.07,97,37,-0.77
stablelm-2-1_6b-chat,stabilityai/stablelm-2-1_6b-chat,15,30,100,C,0.7,0.61,0.79,30,14,0.1,0.05,0.16,90,32,-0.6
stablelm-2-1_6b-chat,stabilityai/stablelm-2-1_6b-chat,20,5,100,C,0.87,0.8,0.93,13,3,0.11,0.05,0.17,89,19,-0.76
stablelm-2-1_6b-chat,stabilityai/stablelm-2-1_6b-chat,20,7,100,C,0.93,0.88,0.9702,7,2,0.06,0.02,0.11,94,31,-0.87
stablelm-2-1_6b-chat,stabilityai/stablelm-2-1_6b-chat,20,10,100,C,0.8,0.72,0.87,20,7,0.05,0.01,0.1,95,38,-0.75
stablelm-2-1_6b-chat,stabilityai/stablelm-2-1_6b-chat,20,15,100,C,0.67,0.58,0.76,33,20,0.07,0.03,0.12,93,29,-0.6
stablelm-2-1_6b-chat,stabilityai/stablelm-2-1_6b-chat,20,20,100,C,0.68,0.59,0.77,32,16,0.04,0.01,0.08,96,22,-0.64
stablelm-2-1_6b-chat,stabilityai/stablelm-2-1_6b-chat,20,30,100,C,0.54,0.44,0.64,46,24,0.09,0.04,0.15,91,24,-0.45
stablelm-2-1_6b-chat,stabilityai/stablelm-2-1_6b-chat,25,5,100,C,0.86,0.79,0.92,14,7,0.12,0.06,0.19,88,24,-0.74
stablelm-2-1_6b-chat,stabilityai/stablelm-2-1_6b-chat,25,7,100,C,0.77,0.69,0.85,23,8,0.13,0.07,0.2,87,22,-0.64
stablelm-2-1_6b-chat,stabilityai/stablelm-2-1_6b-chat,25,10,100,C,0.7,0.61,0.79,30,17,0.1,0.05,0.16,90,40,-0.6
stablelm-2-1_6b-chat,stabilityai/stablelm-2-1_6b-chat,25,15,100,C,0.58,0.48,0.67,42,24,0.04,0.01,0.08,96,26,-0.54
stablelm-2-1_6b-chat,stabilityai/stablelm-2-1_6b-chat,25,20,100,C,0.51,0.41,0.61,49,25,0.1,0.04,0.16,90,33,-0.41
stablelm-2-1_6b-chat,stabilityai/stablelm-2-1_6b-chat,30,5,100,C,0.82,0.74,0.89,18,11,0.07,0.02,0.12,93,29,-0.75
stablelm-2-1_6b-chat,stabilityai/stablelm-2-1_6b-chat,30,7,100,C,0.72,0.63,0.81,28,11,0.08,0.03,0.13,92,37,-0.64
stablelm-2-1_6b-chat,stabilityai/stablelm-2-1_6b-chat,30,10,100,C,0.66,0.57,0.75,34,15,0.09,0.04,0.15,91,28,-0.57
stablelm-2-1_6b-chat,stabilityai/stablelm-2-1_6b-chat,30,15,100,C,0.53,0.43,0.63,47,28,0.14,0.07,0.21,86,41,-0.39
stablelm-2-1_6b-chat,stabilityai/stablelm-2-1_6b-chat,30,20,100,C,0.47,0.37,0.57,53,31,0.1,0.05,0.1602,90,41,-0.37
