arm,model,variant,num_keys,num_updates,condition,query_type,behavioral_accuracy,n_trials,n_correct,n_wrong,H_out_all,H_out_correct,H_out_wrong,confusion_gap,provenance_tier,source_file,notes
scratch,gpt2-small,scratch_cosine,2,4,FVQ,ordinal,1.0,150,150,0,0.00033110694481678737,0.00033110694481678737,,,raw,lora_intervention/experiments/entropy_lens/results/entropy_scratch.json,chance 0.10
scratch,gpt2-small,scratch_cosine,2,4,CVQ,ordinal,1.0,150,150,0,0.0005213688867669966,0.0005213688867669966,,,raw,lora_intervention/experiments/entropy_lens/results/entropy_scratch.json,chance 0.10
scratch,gpt2-small,scratch_cosine,2,4,IVQ_d25,ordinal,1.0,150,150,0,0.0005294508962412414,0.0005294508962412414,,,raw,lora_intervention/experiments/entropy_lens/results/entropy_scratch.json,chance 0.10
scratch,gpt2-small,scratch_cosine,2,4,IVQ_d50,ordinal,1.0,150,150,0,0.0007370510401864468,0.0007370510401864468,,,raw,lora_intervention/experiments/entropy_lens/results/entropy_scratch.json,chance 0.10
scratch,gpt2-small,scratch_cosine,2,4,IVQ_d75,ordinal,1.0,150,150,0,0.0005279522883577912,0.0005279522883577912,,,raw,lora_intervention/experiments/entropy_lens/results/entropy_scratch.json,chance 0.10
scratch,gpt2-small,scratch_cosine,2,6,FVQ,ordinal,1.0,150,150,0,0.00035088387377027057,0.00035088387377027057,,,raw,lora_intervention/experiments/entropy_lens/results/entropy_scratch.json,chance 0.10
scratch,gpt2-small,scratch_cosine,2,6,CVQ,ordinal,1.0,150,150,0,0.0007912865191268753,0.0007912865191268753,,,raw,lora_intervention/experiments/entropy_lens/results/entropy_scratch.json,chance 0.10
scratch,gpt2-small,scratch_cosine,2,6,IVQ_d25,ordinal,1.0,150,150,0,0.0005674453727683022,0.0005674453727683022,,,raw,lora_intervention/experiments/entropy_lens/results/entropy_scratch.json,chance 0.10
scratch,gpt2-small,scratch_cosine,2,6,IVQ_d50,ordinal,1.0,150,150,0,0.0005691672646499001,0.0005691672646499001,,,raw,lora_intervention/experiments/entropy_lens/results/entropy_scratch.json,chance 0.10
scratch,gpt2-small,scratch_cosine,2,6,IVQ_d75,ordinal,1.0,150,150,0,0.0006312057266897005,0.0006312057266897005,,,raw,lora_intervention/experiments/entropy_lens/results/entropy_scratch.json,chance 0.10
scratch,gpt2-small,scratch_cosine,2,8,FVQ,ordinal,1.0,150,150,0,0.0003992591002759862,0.0003992591002759862,,,raw,lora_intervention/experiments/entropy_lens/results/entropy_scratch.json,chance 0.10
scratch,gpt2-small,scratch_cosine,2,8,CVQ,ordinal,1.0,150,150,0,0.000683291230687072,0.000683291230687072,,,raw,lora_intervention/experiments/entropy_lens/results/entropy_scratch.json,chance 0.10
scratch,gpt2-small,scratch_cosine,2,8,IVQ_d25,ordinal,1.0,150,150,0,0.0005374061243900842,0.0005374061243900842,,,raw,lora_intervention/experiments/entropy_lens/results/entropy_scratch.json,chance 0.10
scratch,gpt2-small,scratch_cosine,2,8,IVQ_d50,ordinal,1.0,150,150,0,0.0010754192311715472,0.0010754192311715472,,,raw,lora_intervention/experiments/entropy_lens/results/entropy_scratch.json,chance 0.10
scratch,gpt2-small,scratch_cosine,2,8,IVQ_d75,ordinal,0.15333333333333332,150,23,127,0.029190503277209644,0.05968970849717067,0.023667025166508034,-0.036022683330662636,raw,lora_intervention/experiments/entropy_lens/results/entropy_scratch.json,chance 0.10
scratch,gpt2-small,scratch_cosine,2,10,FVQ,ordinal,1.0,150,150,0,0.0004967846314966632,0.0004967846314966632,,,raw,lora_intervention/experiments/entropy_lens/results/entropy_scratch.json,chance 0.10
scratch,gpt2-small,scratch_cosine,2,10,CVQ,ordinal,1.0,150,150,0,0.0007182842435700996,0.0007182842435700996,,,raw,lora_intervention/experiments/entropy_lens/results/entropy_scratch.json,chance 0.10
scratch,gpt2-small,scratch_cosine,2,10,IVQ_d25,ordinal,1.0,150,150,0,0.000666664797711247,0.000666664797711247,,,raw,lora_intervention/experiments/entropy_lens/results/entropy_scratch.json,chance 0.10
scratch,gpt2-small,scratch_cosine,2,10,IVQ_d50,ordinal,1.0,150,150,0,0.004152648354718077,0.004152648354718077,,,raw,lora_intervention/experiments/entropy_lens/results/entropy_scratch.json,chance 0.10
scratch,gpt2-small,scratch_cosine,2,10,IVQ_d75,ordinal,0.9866666666666667,150,148,2,0.008082531888518632,0.005833300531056506,0.17452565234071618,0.16869235180965966,raw,lora_intervention/experiments/entropy_lens/results/entropy_scratch.json,"chance 0.10; n_wrong=2 -- gap is noisy, do not quote this cell alone"
scratch,gpt2-small,scratch_cosine,2,12,FVQ,ordinal,1.0,150,150,0,0.0004080805141756876,0.0004080805141756876,,,raw,lora_intervention/experiments/entropy_lens/results/entropy_scratch.json,chance 0.10
scratch,gpt2-small,scratch_cosine,2,12,CVQ,ordinal,1.0,150,150,0,0.001128266539927957,0.001128266539927957,,,raw,lora_intervention/experiments/entropy_lens/results/entropy_scratch.json,chance 0.10
scratch,gpt2-small,scratch_cosine,2,12,IVQ_d25,ordinal,1.0,150,150,0,0.0010741477439758194,0.0010741477439758194,,,raw,lora_intervention/experiments/entropy_lens/results/entropy_scratch.json,chance 0.10
scratch,gpt2-small,scratch_cosine,2,12,IVQ_d50,ordinal,1.0,150,150,0,0.011007923314622527,0.011007923314622527,,,raw,lora_intervention/experiments/entropy_lens/results/entropy_scratch.json,chance 0.10
scratch,gpt2-small,scratch_cosine,2,12,IVQ_d75,ordinal,1.0,150,150,0,0.016402257861229258,0.016402257861229258,,,raw,lora_intervention/experiments/entropy_lens/results/entropy_scratch.json,chance 0.10
scratch,gpt2-small,scratch_cosine,4,4,FVQ,ordinal,1.0,150,150,0,0.0003146241460826065,0.0003146241460826065,,,raw,lora_intervention/experiments/entropy_lens/results/entropy_scratch.json,chance 0.10
scratch,gpt2-small,scratch_cosine,4,4,CVQ,ordinal,1.0,150,150,0,0.0006181613255441436,0.0006181613255441436,,,raw,lora_intervention/experiments/entropy_lens/results/entropy_scratch.json,chance 0.10
scratch,gpt2-small,scratch_cosine,4,4,IVQ_d25,ordinal,1.0,150,150,0,0.0005166531854490331,0.0005166531854490331,,,raw,lora_intervention/experiments/entropy_lens/results/entropy_scratch.json,chance 0.10
scratch,gpt2-small,scratch_cosine,4,4,IVQ_d50,ordinal,1.0,150,150,0,0.0014979407856847637,0.0014979407856847637,,,raw,lora_intervention/experiments/entropy_lens/results/entropy_scratch.json,chance 0.10
scratch,gpt2-small,scratch_cosine,4,4,IVQ_d75,ordinal,0.9933333333333333,150,149,1,0.001383208644133766,0.0011542475343971578,0.03549841399488839,0.03434416646049124,raw,lora_intervention/experiments/entropy_lens/results/entropy_scratch.json,"chance 0.10; n_wrong=1 -- gap is noisy, do not quote this cell alone"
scratch,gpt2-small,scratch_cosine,4,6,FVQ,ordinal,1.0,150,150,0,0.0003312727503952089,0.0003312727503952089,,,raw,lora_intervention/experiments/entropy_lens/results/entropy_scratch.json,chance 0.10
scratch,gpt2-small,scratch_cosine,4,6,CVQ,ordinal,0.9933333333333333,150,149,1,0.0027590373434653237,0.0015161588413636145,0.18794793415662003,0.18643177531525643,raw,lora_intervention/experiments/entropy_lens/results/entropy_scratch.json,"chance 0.10; n_wrong=1 -- gap is noisy, do not quote this cell alone"
scratch,gpt2-small,scratch_cosine,4,6,IVQ_d25,ordinal,1.0,150,150,0,0.0006645942788113116,0.0006645942788113116,,,raw,lora_intervention/experiments/entropy_lens/results/entropy_scratch.json,chance 0.10
scratch,gpt2-small,scratch_cosine,4,6,IVQ_d50,ordinal,1.0,150,150,0,0.0034589931699476224,0.0034589931699476224,,,raw,lora_intervention/experiments/entropy_lens/results/entropy_scratch.json,chance 0.10
scratch,gpt2-small,scratch_cosine,4,6,IVQ_d75,ordinal,0.9933333333333333,150,149,1,0.013318663176376394,0.012252977615753703,0.17210581170915712,0.15985283409340342,raw,lora_intervention/experiments/entropy_lens/results/entropy_scratch.json,"chance 0.10; n_wrong=1 -- gap is noisy, do not quote this cell alone"
scratch,gpt2-small,scratch_cosine,4,8,FVQ,ordinal,1.0,150,150,0,0.0003900332841404984,0.0003900332841404984,,,raw,lora_intervention/experiments/entropy_lens/results/entropy_scratch.json,chance 0.10
scratch,gpt2-small,scratch_cosine,4,8,CVQ,ordinal,1.0,150,150,0,0.0028796025740036807,0.0028796025740036807,,,raw,lora_intervention/experiments/entropy_lens/results/entropy_scratch.json,chance 0.10
scratch,gpt2-small,scratch_cosine,4,8,IVQ_d25,ordinal,1.0,150,150,0,0.0027265782156684574,0.0027265782156684574,,,raw,lora_intervention/experiments/entropy_lens/results/entropy_scratch.json,chance 0.10
scratch,gpt2-small,scratch_cosine,4,8,IVQ_d50,ordinal,0.9933333333333333,150,149,1,0.015930844710010942,0.01473538334133905,0.194054588642123,0.17931920530078393,raw,lora_intervention/experiments/entropy_lens/results/entropy_scratch.json,"chance 0.10; n_wrong=1 -- gap is noisy, do not quote this cell alone"
scratch,gpt2-small,scratch_cosine,4,8,IVQ_d75,ordinal,0.8266666666666667,150,124,26,0.06281698456724184,0.05281477946881406,0.11051980888282037,0.057705029414006306,raw,lora_intervention/experiments/entropy_lens/results/entropy_scratch.json,chance 0.10
scratch,gpt2-small,scratch_cosine,4,10,FVQ,ordinal,1.0,150,150,0,0.0006834391252907524,0.0006834391252907524,,,raw,lora_intervention/experiments/entropy_lens/results/entropy_scratch.json,chance 0.10
scratch,gpt2-small,scratch_cosine,4,10,CVQ,ordinal,0.9933333333333333,150,149,1,0.006587823385090196,0.005522648218655929,0.1652989231837961,0.15977627496514019,raw,lora_intervention/experiments/entropy_lens/results/entropy_scratch.json,"chance 0.10; n_wrong=1 -- gap is noisy, do not quote this cell alone"
scratch,gpt2-small,scratch_cosine,4,10,IVQ_d25,ordinal,0.9933333333333333,150,149,1,0.002980540556668321,0.001781544274404295,0.1816309866140083,0.179849442339604,raw,lora_intervention/experiments/entropy_lens/results/entropy_scratch.json,"chance 0.10; n_wrong=1 -- gap is noisy, do not quote this cell alone"
scratch,gpt2-small,scratch_cosine,4,10,IVQ_d50,ordinal,0.9733333333333334,150,146,4,0.032495871795994544,0.028566214266809536,0.17592837161124697,0.14736215734443744,raw,lora_intervention/experiments/entropy_lens/results/entropy_scratch.json,"chance 0.10; n_wrong=4 -- gap is noisy, do not quote this cell alone"
scratch,gpt2-small,scratch_cosine,4,10,IVQ_d75,ordinal,0.92,150,138,12,0.05878877532074572,0.04930621631475583,0.16783820388962908,0.11853198757487325,raw,lora_intervention/experiments/entropy_lens/results/entropy_scratch.json,"chance 0.10; n_wrong=12 -- gap is noisy, do not quote this cell alone"
scratch,gpt2-small,scratch_cosine,4,12,FVQ,ordinal,1.0,150,150,0,0.0007467234215547726,0.0007467234215547726,,,raw,lora_intervention/experiments/entropy_lens/results/entropy_scratch.json,chance 0.10
scratch,gpt2-small,scratch_cosine,4,12,CVQ,ordinal,0.9866666666666667,150,148,2,0.012787328213437834,0.010392583827947761,0.1899984127397034,0.17960582891175564,raw,lora_intervention/experiments/entropy_lens/results/entropy_scratch.json,"chance 0.10; n_wrong=2 -- gap is noisy, do not quote this cell alone"
scratch,gpt2-small,scratch_cosine,4,12,IVQ_d25,ordinal,0.9533333333333334,150,143,7,0.018114253871903897,0.015144560636589956,0.07878084425046014,0.06363628361387019,raw,lora_intervention/experiments/entropy_lens/results/entropy_scratch.json,"chance 0.10; n_wrong=7 -- gap is noisy, do not quote this cell alone"
scratch,gpt2-small,scratch_cosine,4,12,IVQ_d50,ordinal,0.9333333333333333,150,140,10,0.06683857791473492,0.05816174885787878,0.18831418471072064,0.13015243585284186,raw,lora_intervention/experiments/entropy_lens/results/entropy_scratch.json,"chance 0.10; n_wrong=10 -- gap is noisy, do not quote this cell alone"
scratch,gpt2-small,scratch_cosine,4,12,IVQ_d75,ordinal,0.8666666666666667,150,130,20,0.10328733141089412,0.09187198089335742,0.1774871097748827,0.08561512888152527,raw,lora_intervention/experiments/entropy_lens/results/entropy_scratch.json,chance 0.10
scratch,gpt2-small,scratch_cosine,6,4,FVQ,ordinal,1.0,150,150,0,0.00032100113573830337,0.00032100113573830337,,,raw,lora_intervention/experiments/entropy_lens/results/entropy_scratch.json,chance 0.10
scratch,gpt2-small,scratch_cosine,6,4,CVQ,ordinal,0.9933333333333333,150,149,1,0.003136489239491522,0.0030352396689414898,0.018222675251446323,0.015187435582504833,raw,lora_intervention/experiments/entropy_lens/results/entropy_scratch.json,"chance 0.10; n_wrong=1 -- gap is noisy, do not quote this cell alone"
scratch,gpt2-small,scratch_cosine,6,4,IVQ_d25,ordinal,0.9866666666666667,150,148,2,0.002003823863868702,0.0007854408236716643,0.09216416883844952,0.09137872801477785,raw,lora_intervention/experiments/entropy_lens/results/entropy_scratch.json,"chance 0.10; n_wrong=2 -- gap is noisy, do not quote this cell alone"
scratch,gpt2-small,scratch_cosine,6,4,IVQ_d50,ordinal,0.9933333333333333,150,149,1,0.0022704683510088824,0.0009606682894350465,0.1974306775255105,0.19647000923607544,raw,lora_intervention/experiments/entropy_lens/results/entropy_scratch.json,"chance 0.10; n_wrong=1 -- gap is noisy, do not quote this cell alone"
scratch,gpt2-small,scratch_cosine,6,4,IVQ_d75,ordinal,0.9933333333333333,150,149,1,0.005752797367990712,0.004623140709696714,0.17407163945379645,0.16944849874409973,raw,lora_intervention/experiments/entropy_lens/results/entropy_scratch.json,"chance 0.10; n_wrong=1 -- gap is noisy, do not quote this cell alone"
scratch,gpt2-small,scratch_cosine,6,6,FVQ,ordinal,1.0,150,150,0,0.00037547056843269174,0.00037547056843269174,,,raw,lora_intervention/experiments/entropy_lens/results/entropy_scratch.json,chance 0.10
scratch,gpt2-small,scratch_cosine,6,6,CVQ,ordinal,1.0,150,150,0,0.004539222853522435,0.004539222853522435,,,raw,lora_intervention/experiments/entropy_lens/results/entropy_scratch.json,chance 0.10
scratch,gpt2-small,scratch_cosine,6,6,IVQ_d25,ordinal,0.9866666666666667,150,148,2,0.004684027822313169,0.0030112227444406806,0.12847160358487741,0.12546038084043673,raw,lora_intervention/experiments/entropy_lens/results/entropy_scratch.json,"chance 0.10; n_wrong=2 -- gap is noisy, do not quote this cell alone"
scratch,gpt2-small,scratch_cosine,6,6,IVQ_d50,ordinal,0.9933333333333333,150,149,1,0.006614082803545743,0.006503288451032689,0.02312244132799081,0.01661915287695812,raw,lora_intervention/experiments/entropy_lens/results/entropy_scratch.json,"chance 0.10; n_wrong=1 -- gap is noisy, do not quote this cell alone"
scratch,gpt2-small,scratch_cosine,6,6,IVQ_d75,ordinal,0.9933333333333333,150,149,1,0.014703668800446079,0.0138974423305482,0.13483141281523012,0.12093397048468192,raw,lora_intervention/experiments/entropy_lens/results/entropy_scratch.json,"chance 0.10; n_wrong=1 -- gap is noisy, do not quote this cell alone"
scratch,gpt2-small,scratch_cosine,6,8,FVQ,ordinal,1.0,150,150,0,0.000689247777844411,0.000689247777844411,,,raw,lora_intervention/experiments/entropy_lens/results/entropy_scratch.json,chance 0.10
scratch,gpt2-small,scratch_cosine,6,8,CVQ,ordinal,0.9933333333333333,150,149,1,0.011532885446636366,0.010754999267636178,0.12743792611766439,0.1166829268500282,raw,lora_intervention/experiments/entropy_lens/results/entropy_scratch.json,"chance 0.10; n_wrong=1 -- gap is noisy, do not quote this cell alone"
scratch,gpt2-small,scratch_cosine,6,8,IVQ_d25,ordinal,1.0,150,150,0,0.008135446477873214,0.008135446477873214,,,raw,lora_intervention/experiments/entropy_lens/results/entropy_scratch.json,chance 0.10
scratch,gpt2-small,scratch_cosine,6,8,IVQ_d50,ordinal,0.9733333333333334,150,146,4,0.03491187060051529,0.03116991232705311,0.17149334758188522,0.14032343525483212,raw,lora_intervention/experiments/entropy_lens/results/entropy_scratch.json,"chance 0.10; n_wrong=4 -- gap is noisy, do not quote this cell alone"
scratch,gpt2-small,scratch_cosine,6,8,IVQ_d75,ordinal,0.6533333333333333,150,98,52,0.12477685453439165,0.10813552414609542,0.1561393618046424,0.04800383765854699,raw,lora_intervention/experiments/entropy_lens/results/entropy_scratch.json,chance 0.10
scratch,gpt2-small,scratch_cosine,6,10,FVQ,ordinal,1.0,150,150,0,0.0006861057066593988,0.0006861057066593988,,,raw,lora_intervention/experiments/entropy_lens/results/entropy_scratch.json,chance 0.10
scratch,gpt2-small,scratch_cosine,6,10,CVQ,ordinal,0.98,150,147,3,0.0333047399291218,0.032852867254366584,0.05544650099212715,0.022593633737760563,raw,lora_intervention/experiments/entropy_lens/results/entropy_scratch.json,"chance 0.10; n_wrong=3 -- gap is noisy, do not quote this cell alone"
scratch,gpt2-small,scratch_cosine,6,10,IVQ_d25,ordinal,0.9733333333333334,150,146,4,0.008025703116167893,0.004575432023109647,0.1339605980127939,0.12938516598968425,raw,lora_intervention/experiments/entropy_lens/results/entropy_scratch.json,"chance 0.10; n_wrong=4 -- gap is noisy, do not quote this cell alone"
scratch,gpt2-small,scratch_cosine,6,10,IVQ_d50,ordinal,0.94,150,141,9,0.05081290662928572,0.04080447095455822,0.20761173220001666,0.16680726124545844,raw,lora_intervention/experiments/entropy_lens/results/entropy_scratch.json,"chance 0.10; n_wrong=9 -- gap is noisy, do not quote this cell alone"
scratch,gpt2-small,scratch_cosine,6,10,IVQ_d75,ordinal,0.74,150,111,39,0.15455715034314554,0.13128906529669246,0.2207817000907429,0.08949263479405045,raw,lora_intervention/experiments/entropy_lens/results/entropy_scratch.json,chance 0.10
scratch,gpt2-small,scratch_cosine,6,12,FVQ,ordinal,1.0,150,150,0,0.0010361157844397128,0.0010361157844397128,,,raw,lora_intervention/experiments/entropy_lens/results/entropy_scratch.json,chance 0.10
scratch,gpt2-small,scratch_cosine,6,12,CVQ,ordinal,0.86,150,129,21,0.0876227681759296,0.0713564955786224,0.18754415698795968,0.11618766140933727,raw,lora_intervention/experiments/entropy_lens/results/entropy_scratch.json,chance 0.10
scratch,gpt2-small,scratch_cosine,6,12,IVQ_d25,ordinal,0.9533333333333334,150,143,7,0.032096390527564744,0.024096126363087146,0.1955303584590356,0.17143423209594846,raw,lora_intervention/experiments/entropy_lens/results/entropy_scratch.json,"chance 0.10; n_wrong=7 -- gap is noisy, do not quote this cell alone"
scratch,gpt2-small,scratch_cosine,6,12,IVQ_d50,ordinal,0.8266666666666667,150,124,26,0.12190519724867907,0.0988853069166404,0.23169236652455563,0.13280705960791522,raw,lora_intervention/experiments/entropy_lens/results/entropy_scratch.json,chance 0.10
scratch,gpt2-small,scratch_cosine,6,12,IVQ_d75,ordinal,0.7333333333333333,150,110,40,0.19916317661878896,0.1682257276112187,0.2842411613896072,0.1160154337783885,raw,lora_intervention/experiments/entropy_lens/results/entropy_scratch.json,chance 0.10
scratch,gpt2-small,scratch_cosine,8,4,FVQ,ordinal,1.0,150,150,0,0.0004808706609702603,0.0004808706609702603,,,raw,lora_intervention/experiments/entropy_lens/results/entropy_scratch.json,chance 0.10
scratch,gpt2-small,scratch_cosine,8,4,CVQ,ordinal,1.0,150,150,0,0.002822694117476596,0.002822694117476596,,,raw,lora_intervention/experiments/entropy_lens/results/entropy_scratch.json,chance 0.10
scratch,gpt2-small,scratch_cosine,8,4,IVQ_d25,ordinal,0.9933333333333333,150,149,1,0.007524133828421075,0.0069203479137455995,0.09748823511506735,0.09056788720132175,raw,lora_intervention/experiments/entropy_lens/results/entropy_scratch.json,"chance 0.10; n_wrong=1 -- gap is noisy, do not quote this cell alone"
scratch,gpt2-small,scratch_cosine,8,4,IVQ_d50,ordinal,0.9666666666666667,150,145,5,0.009378332824021538,0.006694853100353648,0.08719924481039035,0.0805043917100367,raw,lora_intervention/experiments/entropy_lens/results/entropy_scratch.json,"chance 0.10; n_wrong=5 -- gap is noisy, do not quote this cell alone"
scratch,gpt2-small,scratch_cosine,8,4,IVQ_d75,ordinal,0.9933333333333333,150,149,1,0.008834822976813308,0.007687882729209265,0.1797289198698159,0.17204103714060665,raw,lora_intervention/experiments/entropy_lens/results/entropy_scratch.json,"chance 0.10; n_wrong=1 -- gap is noisy, do not quote this cell alone"
scratch,gpt2-small,scratch_cosine,8,6,FVQ,ordinal,0.9933333333333333,150,149,1,0.0024628315813213396,0.0017175736643065753,0.11350626121652116,0.11178868755221458,raw,lora_intervention/experiments/entropy_lens/results/entropy_scratch.json,"chance 0.10; n_wrong=1 -- gap is noisy, do not quote this cell alone"
scratch,gpt2-small,scratch_cosine,8,6,CVQ,ordinal,0.9933333333333333,150,149,1,0.015410119816414027,0.014767526843423097,0.11115647279206271,0.09638894594863961,raw,lora_intervention/experiments/entropy_lens/results/entropy_scratch.json,"chance 0.10; n_wrong=1 -- gap is noisy, do not quote this cell alone"
scratch,gpt2-small,scratch_cosine,8,6,IVQ_d25,ordinal,0.98,150,147,3,0.01325327967497706,0.010210254086072651,0.16236153353129298,0.15215127944522033,raw,lora_intervention/experiments/entropy_lens/results/entropy_scratch.json,"chance 0.10; n_wrong=3 -- gap is noisy, do not quote this cell alone"
scratch,gpt2-small,scratch_cosine,8,6,IVQ_d50,ordinal,0.9733333333333334,150,146,4,0.021974083145824278,0.019258483200933322,0.12109348113434433,0.10183499793341101,raw,lora_intervention/experiments/entropy_lens/results/entropy_scratch.json,"chance 0.10; n_wrong=4 -- gap is noisy, do not quote this cell alone"
scratch,gpt2-small,scratch_cosine,8,6,IVQ_d75,ordinal,0.96,150,144,6,0.03397656661395138,0.029642719733611426,0.13798889174211032,0.10834617200849889,raw,lora_intervention/experiments/entropy_lens/results/entropy_scratch.json,"chance 0.10; n_wrong=6 -- gap is noisy, do not quote this cell alone"
scratch,gpt2-small,scratch_cosine,8,8,FVQ,ordinal,0.9933333333333333,150,149,1,0.0032684796102526587,0.002092871429225632,0.1784340985832796,0.17634122715405398,raw,lora_intervention/experiments/entropy_lens/results/entropy_scratch.json,"chance 0.10; n_wrong=1 -- gap is noisy, do not quote this cell alone"
scratch,gpt2-small,scratch_cosine,8,8,CVQ,ordinal,0.9133333333333333,150,137,13,0.07156054895327843,0.06803065716184187,0.10876017783226423,0.04072952067042236,raw,lora_intervention/experiments/entropy_lens/results/entropy_scratch.json,"chance 0.10; n_wrong=13 -- gap is noisy, do not quote this cell alone"
scratch,gpt2-small,scratch_cosine,8,8,IVQ_d25,ordinal,0.9933333333333333,150,149,1,0.009932406516575972,0.008396673685513483,0.23875659834488677,0.2303599246593733,raw,lora_intervention/experiments/entropy_lens/results/entropy_scratch.json,"chance 0.10; n_wrong=1 -- gap is noisy, do not quote this cell alone"
scratch,gpt2-small,scratch_cosine,8,8,IVQ_d50,ordinal,0.9466666666666667,150,142,8,0.049090357336134136,0.04120380728815915,0.18907662068769,0.14787281339953084,raw,lora_intervention/experiments/entropy_lens/results/entropy_scratch.json,"chance 0.10; n_wrong=8 -- gap is noisy, do not quote this cell alone"
scratch,gpt2-small,scratch_cosine,8,8,IVQ_d75,ordinal,0.62,150,93,57,0.15614104145842764,0.1328229114099744,0.19418641153748314,0.06136350012750874,raw,lora_intervention/experiments/entropy_lens/results/entropy_scratch.json,chance 0.10
scratch,gpt2-small,scratch_cosine,8,10,FVQ,ordinal,1.0,150,150,0,0.0022639182187724504,0.0022639182187724504,,,raw,lora_intervention/experiments/entropy_lens/results/entropy_scratch.json,chance 0.10
scratch,gpt2-small,scratch_cosine,8,10,CVQ,ordinal,0.8066666666666666,150,121,29,0.1356815311932167,0.12516474020109464,0.17956193498793319,0.05439719478683855,raw,lora_intervention/experiments/entropy_lens/results/entropy_scratch.json,chance 0.10
scratch,gpt2-small,scratch_cosine,8,10,IVQ_d25,ordinal,0.9866666666666667,150,148,2,0.019308241851223536,0.01767524984582136,0.14014965025098447,0.12247440040516311,raw,lora_intervention/experiments/entropy_lens/results/entropy_scratch.json,"chance 0.10; n_wrong=2 -- gap is noisy, do not quote this cell alone"
scratch,gpt2-small,scratch_cosine,8,10,IVQ_d50,ordinal,0.78,150,117,33,0.1355953625948511,0.09980149795803084,0.2625008826708501,0.16269938471281925,raw,lora_intervention/experiments/entropy_lens/results/entropy_scratch.json,chance 0.10
scratch,gpt2-small,scratch_cosine,8,10,IVQ_d75,ordinal,0.56,150,84,66,0.25213529733401224,0.22280545985267147,0.28946418140117336,0.06665872154850189,raw,lora_intervention/experiments/entropy_lens/results/entropy_scratch.json,chance 0.10
scratch,gpt2-small,scratch_cosine,8,12,FVQ,ordinal,1.0,150,150,0,0.0043251782224907115,0.0043251782224907115,,,raw,lora_intervention/experiments/entropy_lens/results/entropy_scratch.json,chance 0.10
scratch,gpt2-small,scratch_cosine,8,12,CVQ,ordinal,0.7,150,105,45,0.19463413444746663,0.17378025487247503,0.2432931867891134,0.06951293191663838,raw,lora_intervention/experiments/entropy_lens/results/entropy_scratch.json,chance 0.10
scratch,gpt2-small,scratch_cosine,8,12,IVQ_d25,ordinal,0.9333333333333333,150,140,10,0.04722546607621788,0.03389182078014519,0.23389650022123565,0.20000467944109046,raw,lora_intervention/experiments/entropy_lens/results/entropy_scratch.json,"chance 0.10; n_wrong=10 -- gap is noisy, do not quote this cell alone"
scratch,gpt2-small,scratch_cosine,8,12,IVQ_d50,ordinal,0.7,150,105,45,0.19335585205156913,0.15520670739010706,0.282370522928314,0.12716381553820694,raw,lora_intervention/experiments/entropy_lens/results/entropy_scratch.json,chance 0.10
scratch,gpt2-small,scratch_cosine,8,12,IVQ_d75,ordinal,0.5,150,75,75,0.3208837972229389,0.27908441788956123,0.3626831765563168,0.08359875866675559,raw,lora_intervention/experiments/entropy_lens/results/entropy_scratch.json,chance 0.10
scratch,gpt2-small,scratch_cosine,10,4,FVQ,ordinal,0.9933333333333333,150,149,1,0.003628053059372704,0.0033557113769060475,0.04420696374690452,0.040851252369998474,raw,lora_intervention/experiments/entropy_lens/results/entropy_scratch.json,"chance 0.10; n_wrong=1 -- gap is noisy, do not quote this cell alone"
scratch,gpt2-small,scratch_cosine,10,4,CVQ,ordinal,0.98,150,147,3,0.010621917914079813,0.006834636903047519,0.19619868745466265,0.18936405055161512,raw,lora_intervention/experiments/entropy_lens/results/entropy_scratch.json,"chance 0.10; n_wrong=3 -- gap is noisy, do not quote this cell alone"
scratch,gpt2-small,scratch_cosine,10,4,IVQ_d25,ordinal,0.9666666666666667,150,145,5,0.015869282909345115,0.010209675370106686,0.17999790154725995,0.16978822617715325,raw,lora_intervention/experiments/entropy_lens/results/entropy_scratch.json,"chance 0.10; n_wrong=5 -- gap is noisy, do not quote this cell alone"
scratch,gpt2-small,scratch_cosine,10,4,IVQ_d50,ordinal,0.9866666666666667,150,148,2,0.01400806577732867,0.011026412461624282,0.23465041113945379,0.2236239986778295,raw,lora_intervention/experiments/entropy_lens/results/entropy_scratch.json,"chance 0.10; n_wrong=2 -- gap is noisy, do not quote this cell alone"
scratch,gpt2-small,scratch_cosine,10,4,IVQ_d75,ordinal,0.9533333333333334,150,143,7,0.024793490748896935,0.01740348656509656,0.1757607190751048,0.15835723251000824,raw,lora_intervention/experiments/entropy_lens/results/entropy_scratch.json,"chance 0.10; n_wrong=7 -- gap is noisy, do not quote this cell alone"
scratch,gpt2-small,scratch_cosine,10,6,FVQ,ordinal,0.9933333333333333,150,149,1,0.004860374918806109,0.0034540913832625145,0.21439662171480187,0.21094253033153934,raw,lora_intervention/experiments/entropy_lens/results/entropy_scratch.json,"chance 0.10; n_wrong=1 -- gap is noisy, do not quote this cell alone"
scratch,gpt2-small,scratch_cosine,10,6,CVQ,ordinal,0.9133333333333333,150,137,13,0.07679998133775857,0.0637656701496455,0.21416156847402712,0.1503958983243816,raw,lora_intervention/experiments/entropy_lens/results/entropy_scratch.json,"chance 0.10; n_wrong=13 -- gap is noisy, do not quote this cell alone"
scratch,gpt2-small,scratch_cosine,10,6,IVQ_d25,ordinal,0.98,150,147,3,0.013514808884348513,0.009105380121476218,0.2295768182650908,0.22047143814361458,raw,lora_intervention/experiments/entropy_lens/results/entropy_scratch.json,"chance 0.10; n_wrong=3 -- gap is noisy, do not quote this cell alone"
scratch,gpt2-small,scratch_cosine,10,6,IVQ_d50,ordinal,0.9533333333333334,150,143,7,0.03789182037469379,0.02977629375641799,0.20368043557661383,0.17390414182019584,raw,lora_intervention/experiments/entropy_lens/results/entropy_scratch.json,"chance 0.10; n_wrong=7 -- gap is noisy, do not quote this cell alone"
scratch,gpt2-small,scratch_cosine,10,6,IVQ_d75,ordinal,0.94,150,141,9,0.05941930873882665,0.04656599201134477,0.2607879374693755,0.21422194545803075,raw,lora_intervention/experiments/entropy_lens/results/entropy_scratch.json,"chance 0.10; n_wrong=9 -- gap is noisy, do not quote this cell alone"
scratch,gpt2-small,scratch_cosine,10,8,FVQ,ordinal,1.0,150,150,0,0.007035818180869858,0.007035818180869858,,,raw,lora_intervention/experiments/entropy_lens/results/entropy_scratch.json,chance 0.10
scratch,gpt2-small,scratch_cosine,10,8,CVQ,ordinal,0.7066666666666667,150,106,44,0.2041488317392573,0.18226725149585446,0.25686354778018244,0.07459629628432798,raw,lora_intervention/experiments/entropy_lens/results/entropy_scratch.json,chance 0.10
scratch,gpt2-small,scratch_cosine,10,8,IVQ_d25,ordinal,0.9666666666666667,150,145,5,0.02240155448879556,0.01882843970144016,0.12602188332210265,0.10719344362066249,raw,lora_intervention/experiments/entropy_lens/results/entropy_scratch.json,"chance 0.10; n_wrong=5 -- gap is noisy, do not quote this cell alone"
scratch,gpt2-small,scratch_cosine,10,8,IVQ_d50,ordinal,0.8866666666666667,150,133,17,0.12046537746842732,0.0997525669153876,0.28251266003044373,0.18276009311505614,raw,lora_intervention/experiments/entropy_lens/results/entropy_scratch.json,"chance 0.10; n_wrong=17 -- gap is noisy, do not quote this cell alone"
scratch,gpt2-small,scratch_cosine,10,8,IVQ_d75,ordinal,0.6066666666666667,150,91,59,0.20341010892770803,0.18006466131491178,0.2394174942288007,0.05935283291388893,raw,lora_intervention/experiments/entropy_lens/results/entropy_scratch.json,chance 0.10
scratch,gpt2-small,scratch_cosine,10,10,FVQ,ordinal,0.22666666666666666,150,34,116,0.49410876900349054,0.48604332474459716,0.4964727785276492,0.010429453783052045,raw,lora_intervention/experiments/entropy_lens/results/entropy_scratch.json,chance 0.10
scratch,gpt2-small,scratch_cosine,10,10,CVQ,ordinal,0.24666666666666667,150,37,113,0.5325104207471321,0.529854244765238,0.5333801420863361,0.0035258973210980926,raw,lora_intervention/experiments/entropy_lens/results/entropy_scratch.json,chance 0.10
scratch,gpt2-small,scratch_cosine,10,10,IVQ_d25,ordinal,0.2,150,30,120,0.5313847169996758,0.5309999290135491,0.5314809139962077,0.00048098498265858325,raw,lora_intervention/experiments/entropy_lens/results/entropy_scratch.json,chance 0.10
scratch,gpt2-small,scratch_cosine,10,10,IVQ_d50,ordinal,0.16,150,24,126,0.5603059217406535,0.5573451552780513,0.5608698772573394,0.0035247219792881035,raw,lora_intervention/experiments/entropy_lens/results/entropy_scratch.json,chance 0.10
scratch,gpt2-small,scratch_cosine,10,10,IVQ_d75,ordinal,0.15333333333333332,150,23,127,0.558742648349731,0.5575999423367209,0.5589495951079924,0.0013496527712714146,raw,lora_intervention/experiments/entropy_lens/results/entropy_scratch.json,chance 0.10
scratch,gpt2-small,scratch_cosine,10,12,FVQ,ordinal,0.2733333333333333,150,41,109,0.5138650413166289,0.5121305119408409,0.5145174789717418,0.0023869670309009106,raw,lora_intervention/experiments/entropy_lens/results/entropy_scratch.json,chance 0.10
scratch,gpt2-small,scratch_cosine,10,12,CVQ,ordinal,0.23333333333333334,150,35,115,0.5337125851420729,0.530382087474683,0.5347262148669304,0.004344127392247432,raw,lora_intervention/experiments/entropy_lens/results/entropy_scratch.json,chance 0.10
scratch,gpt2-small,scratch_cosine,10,12,IVQ_d25,ordinal,0.14,150,21,129,0.5514024908718764,0.5483925512841208,0.5518924810373249,0.003499929753204123,raw,lora_intervention/experiments/entropy_lens/results/entropy_scratch.json,chance 0.10
scratch,gpt2-small,scratch_cosine,10,12,IVQ_d50,ordinal,0.12666666666666668,150,19,131,0.5643762655415209,0.5644919587228451,0.5643594856144584,-0.00013247310838671034,raw,lora_intervention/experiments/entropy_lens/results/entropy_scratch.json,chance 0.10
scratch,gpt2-small,scratch_cosine,10,12,IVQ_d75,ordinal,0.16666666666666666,150,25,125,0.5604836864801146,0.5586292562473859,0.5608545725266604,0.0022253162792744696,raw,lora_intervention/experiments/entropy_lens/results/entropy_scratch.json,chance 0.10
scratch,gpt2-small,scratch_cosine,12,4,FVQ,ordinal,1.0,150,150,0,0.008179648518521937,0.008179648518521937,,,raw,lora_intervention/experiments/entropy_lens/results/entropy_scratch.json,chance 0.10
scratch,gpt2-small,scratch_cosine,12,4,CVQ,ordinal,0.9133333333333333,150,137,13,0.0447884170603373,0.028470090842653673,0.21675847027746484,0.18828837943481117,raw,lora_intervention/experiments/entropy_lens/results/entropy_scratch.json,"chance 0.10; n_wrong=13 -- gap is noisy, do not quote this cell alone"
scratch,gpt2-small,scratch_cosine,12,4,IVQ_d25,ordinal,0.98,150,147,3,0.02655222384645176,0.02242432729521886,0.2288191548568638,0.20639482756164493,raw,lora_intervention/experiments/entropy_lens/results/entropy_scratch.json,"chance 0.10; n_wrong=3 -- gap is noisy, do not quote this cell alone"
scratch,gpt2-small,scratch_cosine,12,4,IVQ_d50,ordinal,0.98,150,147,3,0.021158988243340594,0.01750506888290565,0.20020103690465238,0.18269596802174673,raw,lora_intervention/experiments/entropy_lens/results/entropy_scratch.json,"chance 0.10; n_wrong=3 -- gap is noisy, do not quote this cell alone"
scratch,gpt2-small,scratch_cosine,12,4,IVQ_d75,ordinal,0.9466666666666667,150,142,8,0.03696378012888538,0.028903453314611575,0.1800345810822457,0.15113112776763413,raw,lora_intervention/experiments/entropy_lens/results/entropy_scratch.json,"chance 0.10; n_wrong=8 -- gap is noisy, do not quote this cell alone"
scratch,gpt2-small,scratch_cosine,12,6,FVQ,ordinal,0.9933333333333333,150,149,1,0.008641835042184787,0.007467989117670566,0.18354487779480289,0.1760768886771323,raw,lora_intervention/experiments/entropy_lens/results/entropy_scratch.json,"chance 0.10; n_wrong=1 -- gap is noisy, do not quote this cell alone"
scratch,gpt2-small,scratch_cosine,12,6,CVQ,ordinal,0.8133333333333334,150,122,28,0.13191181610687527,0.10993441934667832,0.22767047341916208,0.11773605407248376,raw,lora_intervention/experiments/entropy_lens/results/entropy_scratch.json,chance 0.10
scratch,gpt2-small,scratch_cosine,12,6,IVQ_d25,ordinal,0.9733333333333334,150,146,4,0.023021650259026073,0.018729007713157334,0.17970310318323457,0.16097409547007724,raw,lora_intervention/experiments/entropy_lens/results/entropy_scratch.json,"chance 0.10; n_wrong=4 -- gap is noisy, do not quote this cell alone"
scratch,gpt2-small,scratch_cosine,12,6,IVQ_d50,ordinal,0.8466666666666667,150,127,23,0.07328499297175539,0.03773427080707407,0.26958680666369134,0.23185253585661728,raw,lora_intervention/experiments/entropy_lens/results/entropy_scratch.json,chance 0.10
scratch,gpt2-small,scratch_cosine,12,6,IVQ_d75,ordinal,0.8,150,120,30,0.13154773813745718,0.08906005626325664,0.3014984656342595,0.2124384093710029,raw,lora_intervention/experiments/entropy_lens/results/entropy_scratch.json,chance 0.10
scratch,gpt2-small,scratch_cosine,12,8,FVQ,ordinal,0.9866666666666667,150,148,2,0.016826018423192254,0.012929068799381289,0.3052002905852039,0.29227122178582265,raw,lora_intervention/experiments/entropy_lens/results/entropy_scratch.json,"chance 0.10; n_wrong=2 -- gap is noisy, do not quote this cell alone"
scratch,gpt2-small,scratch_cosine,12,8,CVQ,ordinal,0.6133333333333333,150,92,58,0.23012432851344294,0.1983214876298485,0.28057021405293764,0.08224872642308914,raw,lora_intervention/experiments/entropy_lens/results/entropy_scratch.json,chance 0.10
scratch,gpt2-small,scratch_cosine,12,8,IVQ_d25,ordinal,0.9133333333333333,150,137,13,0.0555228126757725,0.0438533883181038,0.1785005924450506,0.1346472041269468,raw,lora_intervention/experiments/entropy_lens/results/entropy_scratch.json,"chance 0.10; n_wrong=13 -- gap is noisy, do not quote this cell alone"
scratch,gpt2-small,scratch_cosine,12,8,IVQ_d50,ordinal,0.78,150,117,33,0.1767239226801078,0.12484853625916754,0.36064574726344084,0.2357972110042733,raw,lora_intervention/experiments/entropy_lens/results/entropy_scratch.json,chance 0.10
scratch,gpt2-small,scratch_cosine,12,8,IVQ_d75,ordinal,0.5933333333333334,150,89,61,0.2989588349011006,0.2636057809864605,0.3505395201208213,0.08693373913436081,raw,lora_intervention/experiments/entropy_lens/results/entropy_scratch.json,chance 0.10
scratch,gpt2-small,scratch_cosine,12,10,FVQ,ordinal,0.20666666666666667,150,31,119,0.5114158861886525,0.5084798293395673,0.5121807413342127,0.003700911994645395,raw,lora_intervention/experiments/entropy_lens/results/entropy_scratch.json,chance 0.10
scratch,gpt2-small,scratch_cosine,12,10,CVQ,ordinal,0.2,150,30,120,0.5505953364358466,0.5497630400135666,0.5508034105414166,0.0010403705278499986,raw,lora_intervention/experiments/entropy_lens/results/entropy_scratch.json,chance 0.10
scratch,gpt2-small,scratch_cosine,12,10,IVQ_d25,ordinal,0.14,150,21,129,0.5412048275128684,0.5412783378551383,0.5411928607129637,-8.54771421746614e-05,raw,lora_intervention/experiments/entropy_lens/results/entropy_scratch.json,chance 0.10
scratch,gpt2-small,scratch_cosine,12,10,IVQ_d50,ordinal,0.2,150,30,120,0.5642788515881229,0.5627756515904444,0.5646546515875422,0.001878999997097841,raw,lora_intervention/experiments/entropy_lens/results/entropy_scratch.json,chance 0.10
scratch,gpt2-small,scratch_cosine,12,10,IVQ_d75,ordinal,0.2,150,30,120,0.5607547195457137,0.5602211528599702,0.5608881112171497,0.000666958357179448,raw,lora_intervention/experiments/entropy_lens/results/entropy_scratch.json,chance 0.10
scratch,gpt2-small,scratch_cosine,12,12,FVQ,ordinal,0.22,150,33,117,0.517165086338656,0.5118558340230789,0.5186625677609983,0.0068067337379194015,raw,lora_intervention/experiments/entropy_lens/results/entropy_scratch.json,chance 0.10
scratch,gpt2-small,scratch_cosine,12,12,CVQ,ordinal,0.12,150,18,132,0.5416588711231107,0.5485712085591995,0.5407162796545528,-0.007854928904646674,raw,lora_intervention/experiments/entropy_lens/results/entropy_scratch.json,chance 0.10
scratch,gpt2-small,scratch_cosine,12,12,IVQ_d25,ordinal,0.16666666666666666,150,25,125,0.5516142436910563,0.5476673073913992,0.5524036309509875,0.004736323559588307,raw,lora_intervention/experiments/entropy_lens/results/entropy_scratch.json,chance 0.10
scratch,gpt2-small,scratch_cosine,12,12,IVQ_d50,ordinal,0.2,150,30,120,0.5666665821030485,0.5678359101386082,0.5663742500941582,-0.0014616600444500305,raw,lora_intervention/experiments/entropy_lens/results/entropy_scratch.json,chance 0.10
scratch,gpt2-small,scratch_cosine,12,12,IVQ_d75,ordinal,0.16,150,24,126,0.5652787566705215,0.5626634912507772,0.5657769024647588,0.003113411213981565,raw,lora_intervention/experiments/entropy_lens/results/entropy_scratch.json,chance 0.10
