num_keys,num_updates,position,position_kind,n_correct,n_trials,accuracy,wilson_lo,wilson_hi
5,50,1,ordinal,56,56,1.0000,0.9358,1.0000
5,50,3,ordinal,56,56,1.0000,0.9358,1.0000
5,50,5,ordinal,63,64,0.9844,0.9167,0.9972
5,50,6,ordinal,70,72,0.9722,0.9043,0.9923
5,50,14,ordinal,70,72,0.9722,0.9043,0.9923
5,50,8,ordinal,56,56,1.0000,0.9358,1.0000
5,50,20,ordinal,56,56,1.0000,0.9358,1.0000
5,50,7,ordinal,63,64,0.9844,0.9167,0.9972
5,50,26,ordinal,56,56,1.0000,0.9358,1.0000
5,50,2,ordinal,56,56,1.0000,0.9358,1.0000
5,50,43,ordinal,56,56,1.0000,0.9358,1.0000
5,50,31,ordinal,56,56,1.0000,0.9358,1.0000
5,50,37,ordinal,70,72,0.9722,0.9043,0.9923
5,50,4,ordinal,56,56,1.0000,0.9358,1.0000
5,50,49,ordinal,98,104,0.9423,0.8798,0.9733
5,50,last,recency,63,64,0.9844,0.9167,0.9972
5,50,50,ordinal,63,64,0.9844,0.9167,0.9972
5,100,1,ordinal,56,56,1.0000,0.9358,1.0000
5,100,7,ordinal,63,64,0.9844,0.9167,0.9972
5,100,5,ordinal,56,56,1.0000,0.9358,1.0000
5,100,4,ordinal,56,56,1.0000,0.9358,1.0000
5,100,8,ordinal,85,88,0.9659,0.9045,0.9883
5,100,6,ordinal,63,64,0.9844,0.9167,0.9972
5,100,3,ordinal,56,56,1.0000,0.9358,1.0000
5,100,last,recency,97,104,0.9327,0.8675,0.9670
5,100,21,ordinal,118,128,0.9219,0.8622,0.9570
5,100,34,ordinal,169,200,0.8450,0.7884,0.8886
5,100,47,ordinal,152,200,0.7600,0.6963,0.8139
5,100,60,ordinal,156,200,0.7800,0.7176,0.8318
5,100,73,ordinal,146,200,0.7300,0.6646,0.7868
5,100,2,ordinal,56,56,1.0000,0.9358,1.0000
5,100,100,ordinal,148,168,0.8810,0.8233,0.9216
5,100,86,ordinal,149,200,0.7450,0.6804,0.8004
5,100,99,ordinal,144,200,0.7200,0.6541,0.7776
5,200,1,ordinal,56,56,1.0000,0.9358,1.0000
5,200,7,ordinal,56,56,1.0000,0.9358,1.0000
5,200,2,ordinal,56,56,1.0000,0.9358,1.0000
5,200,5,ordinal,85,88,0.9659,0.9045,0.9883
5,200,3,ordinal,56,56,1.0000,0.9358,1.0000
5,200,6,ordinal,85,88,0.9659,0.9045,0.9883
5,200,8,ordinal,112,120,0.9333,0.8739,0.9658
5,200,4,ordinal,56,56,1.0000,0.9358,1.0000
5,200,35,ordinal,130,144,0.9028,0.8434,0.9412
5,200,last,recency,108,120,0.9000,0.8333,0.9419
5,200,63,ordinal,164,200,0.8200,0.7609,0.8671
5,200,144,ordinal,93,200,0.4650,0.3972,0.5341
5,200,117,ordinal,117,200,0.5850,0.5157,0.6511
5,200,199,ordinal,73,200,0.3650,0.3014,0.4337
5,200,90,ordinal,135,200,0.6750,0.6073,0.7361
5,200,172,ordinal,68,200,0.3400,0.2779,0.4081
5,200,200,ordinal,100,200,0.5000,0.4314,0.5686
5,300,1,ordinal,56,56,1.0000,0.9358,1.0000
5,300,5,ordinal,56,56,1.0000,0.9358,1.0000
5,300,4,ordinal,56,56,1.0000,0.9358,1.0000
5,300,3,ordinal,56,56,1.0000,0.9358,1.0000
5,300,6,ordinal,92,96,0.9583,0.8977,0.9837
5,300,7,ordinal,105,112,0.9375,0.8766,0.9694
5,300,8,ordinal,91,96,0.9479,0.8838,0.9776
5,300,2,ordinal,56,56,1.0000,0.9358,1.0000
5,300,last,recency,144,168,0.8571,0.7962,0.9021
5,300,50,ordinal,138,200,0.6900,0.6228,0.7500
5,300,91,ordinal,121,200,0.6050,0.5359,0.6702
5,300,133,ordinal,79,200,0.3950,0.3298,0.4641
5,300,216,ordinal,55,200,0.2750,0.2178,0.3407
5,300,257,ordinal,41,200,0.2050,0.1549,0.2663
5,300,174,ordinal,73,200,0.3650,0.3014,0.4337
5,300,300,ordinal,98,200,0.4900,0.4216,0.5588
5,300,299,ordinal,35,200,0.1750,0.1286,0.2336
5,400,1,ordinal,56,56,1.0000,0.9358,1.0000
5,400,4,ordinal,70,72,0.9722,0.9043,0.9923
5,400,3,ordinal,56,56,1.0000,0.9358,1.0000
5,400,7,ordinal,111,120,0.9250,0.8636,0.9600
5,400,8,ordinal,160,184,0.8696,0.8133,0.9108
5,400,6,ordinal,111,120,0.9250,0.8636,0.9600
5,400,5,ordinal,98,104,0.9423,0.8798,0.9733
5,400,2,ordinal,56,56,1.0000,0.9358,1.0000
5,400,last,recency,137,160,0.8562,0.7935,0.9023
5,400,64,ordinal,82,200,0.4100,0.3442,0.4792
5,400,343,ordinal,0,56,0.0000,0.0000,0.0642
5,400,120,ordinal,48,200,0.2400,0.1861,0.3037
5,400,176,ordinal,33,200,0.1650,0.1200,0.2227
5,400,399,ordinal,9,120,0.0750,0.0400,0.1364
5,400,231,ordinal,13,144,0.0903,0.0535,0.1483
5,400,287,ordinal,8,120,0.0667,0.0342,0.1261
5,400,400,ordinal,53,200,0.2650,0.2087,0.3302
5,460,1,ordinal,56,56,1.0000,0.9358,1.0000
5,460,6,ordinal,112,120,0.9333,0.8739,0.9658
5,460,3,ordinal,56,56,1.0000,0.9358,1.0000
5,460,8,ordinal,168,200,0.8400,0.7829,0.8843
5,460,4,ordinal,56,56,1.0000,0.9358,1.0000
5,460,7,ordinal,155,176,0.8807,0.8245,0.9206
5,460,5,ordinal,112,120,0.9333,0.8739,0.9658
5,460,2,ordinal,56,56,1.0000,0.9358,1.0000
5,460,last,recency,129,144,0.8958,0.8352,0.9359
5,460,72,ordinal,70,200,0.3500,0.2873,0.4184
5,460,137,ordinal,37,200,0.1850,0.1373,0.2446
5,460,395,ordinal,2,72,0.0278,0.0077,0.0957
5,460,460,ordinal,77,200,0.3850,0.3203,0.4540
5,460,459,ordinal,3,88,0.0341,0.0117,0.0955
5,460,201,ordinal,12,136,0.0882,0.0512,0.1479
5,460,330,ordinal,1,64,0.0156,0.0028,0.0833
5,460,266,ordinal,1,64,0.0156,0.0028,0.0833
