model,model_family,variant,num_keys,num_updates,probe,layer,accuracy,std,ci_lower,ci_upper,behavioral_acc,provenance_tier,source_file,notes
Qwen2.5-3B-Instruct,Qwen2.5,base,2,5,CVQ_correct,27,0.533,,0.434,0.632,,derived,lora_intervention/results/ci_analysis.txt,precomputed bootstrap CIs (absolute layer index)
Qwen2.5-3B-Instruct,Qwen2.5,base,2,5,CVQ_correct,30,0.567,,0.495,0.638,,derived,lora_intervention/results/ci_analysis.txt,precomputed bootstrap CIs (absolute layer index)
Qwen2.5-3B-Instruct,Qwen2.5,base,2,5,CVQ_correct,31,0.683,,0.629,0.738,,derived,lora_intervention/results/ci_analysis.txt,precomputed bootstrap CIs (absolute layer index)
Qwen2.5-3B-Instruct,Qwen2.5,base,2,5,CVQ_correct,32,0.65,,0.578,0.722,,derived,lora_intervention/results/ci_analysis.txt,precomputed bootstrap CIs (absolute layer index)
Qwen2.5-3B-Instruct,Qwen2.5,base,2,5,CVQ_correct,33,0.583,,0.437,0.729,,derived,lora_intervention/results/ci_analysis.txt,precomputed bootstrap CIs (absolute layer index)
Qwen2.5-3B-Instruct,Qwen2.5,base,2,5,CVQ_correct,34,0.583,,0.437,0.729,,derived,lora_intervention/results/ci_analysis.txt,precomputed bootstrap CIs (absolute layer index)
Qwen2.5-3B-Instruct,Qwen2.5,base,2,5,CVQ_correct,35,0.583,,0.404,0.762,,derived,lora_intervention/results/ci_analysis.txt,precomputed bootstrap CIs (absolute layer index)
Qwen2.5-3B-Instruct,Qwen2.5,base,2,5,FVQ_correct,27,0.591,,0.544,0.639,,derived,lora_intervention/results/ci_analysis.txt,precomputed bootstrap CIs (absolute layer index)
Qwen2.5-3B-Instruct,Qwen2.5,base,2,5,FVQ_correct,30,0.768,,0.703,0.834,,derived,lora_intervention/results/ci_analysis.txt,precomputed bootstrap CIs (absolute layer index)
Qwen2.5-3B-Instruct,Qwen2.5,base,2,5,FVQ_correct,31,0.844,,0.784,0.903,,derived,lora_intervention/results/ci_analysis.txt,precomputed bootstrap CIs (absolute layer index)
Qwen2.5-3B-Instruct,Qwen2.5,base,2,5,FVQ_correct,32,0.838,,0.786,0.891,,derived,lora_intervention/results/ci_analysis.txt,precomputed bootstrap CIs (absolute layer index)
Qwen2.5-3B-Instruct,Qwen2.5,base,2,5,FVQ_correct,33,0.806,,0.739,0.873,,derived,lora_intervention/results/ci_analysis.txt,precomputed bootstrap CIs (absolute layer index)
Qwen2.5-3B-Instruct,Qwen2.5,base,2,5,FVQ_correct,34,0.822,,0.773,0.872,,derived,lora_intervention/results/ci_analysis.txt,precomputed bootstrap CIs (absolute layer index)
Qwen2.5-3B-Instruct,Qwen2.5,base,2,5,FVQ_correct,35,0.822,,0.778,0.867,,derived,lora_intervention/results/ci_analysis.txt,precomputed bootstrap CIs (absolute layer index)
Qwen2.5-3B-Instruct,Qwen2.5,base,2,5,cond_discrimination,27,1.0,,1.0,1.0,,derived,lora_intervention/results/ci_analysis.txt,precomputed bootstrap CIs (absolute layer index)
Qwen2.5-3B-Instruct,Qwen2.5,base,2,5,cond_discrimination,30,1.0,,1.0,1.0,,derived,lora_intervention/results/ci_analysis.txt,precomputed bootstrap CIs (absolute layer index)
Qwen2.5-3B-Instruct,Qwen2.5,base,2,5,cond_discrimination,31,1.0,,1.0,1.0,,derived,lora_intervention/results/ci_analysis.txt,precomputed bootstrap CIs (absolute layer index)
Qwen2.5-3B-Instruct,Qwen2.5,base,2,5,cond_discrimination,32,1.0,,1.0,1.0,,derived,lora_intervention/results/ci_analysis.txt,precomputed bootstrap CIs (absolute layer index)
Qwen2.5-3B-Instruct,Qwen2.5,base,2,5,cond_discrimination,33,0.997,,0.993,1.002,,derived,lora_intervention/results/ci_analysis.txt,precomputed bootstrap CIs (absolute layer index)
Qwen2.5-3B-Instruct,Qwen2.5,base,2,5,cond_discrimination,34,0.988,,0.975,1.0,,derived,lora_intervention/results/ci_analysis.txt,precomputed bootstrap CIs (absolute layer index)
Qwen2.5-3B-Instruct,Qwen2.5,base,2,5,cond_discrimination,35,0.99,,0.982,0.998,,derived,lora_intervention/results/ci_analysis.txt,precomputed bootstrap CIs (absolute layer index)
Qwen2.5-3B-Instruct,Qwen2.5,lora,2,5,CVQ_correct,0,0.5333,0.0408,,,,raw,v3/results_vllm/probing/probing_Qwen2.5-3B-Instruct-LoRA_2k_5u.json,8 late layers indexed 0-7 (absolute layer in ci_analysis)
Qwen2.5-3B-Instruct,Qwen2.5,lora,2,5,CVQ_correct,1,0.5,0.068,,,,raw,v3/results_vllm/probing/probing_Qwen2.5-3B-Instruct-LoRA_2k_5u.json,8 late layers indexed 0-7 (absolute layer in ci_analysis)
Qwen2.5-3B-Instruct,Qwen2.5,lora,2,5,CVQ_correct,2,0.4944,0.0111,,,,raw,v3/results_vllm/probing/probing_Qwen2.5-3B-Instruct-LoRA_2k_5u.json,8 late layers indexed 0-7 (absolute layer in ci_analysis)
Qwen2.5-3B-Instruct,Qwen2.5,lora,2,5,CVQ_correct,3,0.5167,0.0515,,,,raw,v3/results_vllm/probing/probing_Qwen2.5-3B-Instruct-LoRA_2k_5u.json,8 late layers indexed 0-7 (absolute layer in ci_analysis)
Qwen2.5-3B-Instruct,Qwen2.5,lora,2,5,CVQ_correct,4,0.5222,0.0478,,,,raw,v3/results_vllm/probing/probing_Qwen2.5-3B-Instruct-LoRA_2k_5u.json,8 late layers indexed 0-7 (absolute layer in ci_analysis)
Qwen2.5-3B-Instruct,Qwen2.5,lora,2,5,CVQ_correct,5,0.5167,0.0572,,,,raw,v3/results_vllm/probing/probing_Qwen2.5-3B-Instruct-LoRA_2k_5u.json,8 late layers indexed 0-7 (absolute layer in ci_analysis)
Qwen2.5-3B-Instruct,Qwen2.5,lora,2,5,CVQ_correct,6,0.4944,0.0509,,,,raw,v3/results_vllm/probing/probing_Qwen2.5-3B-Instruct-LoRA_2k_5u.json,8 late layers indexed 0-7 (absolute layer in ci_analysis)
Qwen2.5-3B-Instruct,Qwen2.5,lora,2,5,CVQ_correct,7,0.4778,0.0408,,,,raw,v3/results_vllm/probing/probing_Qwen2.5-3B-Instruct-LoRA_2k_5u.json,8 late layers indexed 0-7 (absolute layer in ci_analysis)
Qwen2.5-3B-Instruct,Qwen2.5,lora,2,5,CVQ_correct,8,0.4611,0.0624,,,,raw,v3/results_vllm/probing/probing_Qwen2.5-3B-Instruct-LoRA_2k_5u.json,8 late layers indexed 0-7 (absolute layer in ci_analysis)
Qwen2.5-3B-Instruct,Qwen2.5,lora,2,5,CVQ_correct,9,0.45,0.0539,,,,raw,v3/results_vllm/probing/probing_Qwen2.5-3B-Instruct-LoRA_2k_5u.json,8 late layers indexed 0-7 (absolute layer in ci_analysis)
Qwen2.5-3B-Instruct,Qwen2.5,lora,2,5,CVQ_correct,10,0.4833,0.0283,,,,raw,v3/results_vllm/probing/probing_Qwen2.5-3B-Instruct-LoRA_2k_5u.json,8 late layers indexed 0-7 (absolute layer in ci_analysis)
Qwen2.5-3B-Instruct,Qwen2.5,lora,2,5,CVQ_correct,11,0.4833,0.0572,,,,raw,v3/results_vllm/probing/probing_Qwen2.5-3B-Instruct-LoRA_2k_5u.json,8 late layers indexed 0-7 (absolute layer in ci_analysis)
Qwen2.5-3B-Instruct,Qwen2.5,lora,2,5,CVQ_correct,12,0.4944,0.0539,,,,raw,v3/results_vllm/probing/probing_Qwen2.5-3B-Instruct-LoRA_2k_5u.json,8 late layers indexed 0-7 (absolute layer in ci_analysis)
Qwen2.5-3B-Instruct,Qwen2.5,lora,2,5,CVQ_correct,13,0.5167,0.0572,,,,raw,v3/results_vllm/probing/probing_Qwen2.5-3B-Instruct-LoRA_2k_5u.json,8 late layers indexed 0-7 (absolute layer in ci_analysis)
Qwen2.5-3B-Instruct,Qwen2.5,lora,2,5,CVQ_correct,14,0.4778,0.0324,,,,raw,v3/results_vllm/probing/probing_Qwen2.5-3B-Instruct-LoRA_2k_5u.json,8 late layers indexed 0-7 (absolute layer in ci_analysis)
Qwen2.5-3B-Instruct,Qwen2.5,lora,2,5,CVQ_correct,15,0.4778,0.0643,,,,raw,v3/results_vllm/probing/probing_Qwen2.5-3B-Instruct-LoRA_2k_5u.json,8 late layers indexed 0-7 (absolute layer in ci_analysis)
Qwen2.5-3B-Instruct,Qwen2.5,lora,2,5,CVQ_correct,16,0.4889,0.0624,,,,raw,v3/results_vllm/probing/probing_Qwen2.5-3B-Instruct-LoRA_2k_5u.json,8 late layers indexed 0-7 (absolute layer in ci_analysis)
Qwen2.5-3B-Instruct,Qwen2.5,lora,2,5,CVQ_correct,17,0.4833,0.0671,,,,raw,v3/results_vllm/probing/probing_Qwen2.5-3B-Instruct-LoRA_2k_5u.json,8 late layers indexed 0-7 (absolute layer in ci_analysis)
Qwen2.5-3B-Instruct,Qwen2.5,lora,2,5,CVQ_correct,18,0.4944,0.0643,,,,raw,v3/results_vllm/probing/probing_Qwen2.5-3B-Instruct-LoRA_2k_5u.json,8 late layers indexed 0-7 (absolute layer in ci_analysis)
Qwen2.5-3B-Instruct,Qwen2.5,lora,2,5,CVQ_correct,19,0.5,0.0556,,,,raw,v3/results_vllm/probing/probing_Qwen2.5-3B-Instruct-LoRA_2k_5u.json,8 late layers indexed 0-7 (absolute layer in ci_analysis)
Qwen2.5-3B-Instruct,Qwen2.5,lora,2,5,CVQ_correct,20,0.5556,0.0805,,,,raw,v3/results_vllm/probing/probing_Qwen2.5-3B-Instruct-LoRA_2k_5u.json,8 late layers indexed 0-7 (absolute layer in ci_analysis)
Qwen2.5-3B-Instruct,Qwen2.5,lora,2,5,CVQ_correct,21,0.5333,0.1045,,,,raw,v3/results_vllm/probing/probing_Qwen2.5-3B-Instruct-LoRA_2k_5u.json,8 late layers indexed 0-7 (absolute layer in ci_analysis)
Qwen2.5-3B-Instruct,Qwen2.5,lora,2,5,CVQ_correct,22,0.5444,0.1003,,,,raw,v3/results_vllm/probing/probing_Qwen2.5-3B-Instruct-LoRA_2k_5u.json,8 late layers indexed 0-7 (absolute layer in ci_analysis)
Qwen2.5-3B-Instruct,Qwen2.5,lora,2,5,CVQ_correct,23,0.5556,0.0766,,,,raw,v3/results_vllm/probing/probing_Qwen2.5-3B-Instruct-LoRA_2k_5u.json,8 late layers indexed 0-7 (absolute layer in ci_analysis)
Qwen2.5-3B-Instruct,Qwen2.5,lora,2,5,CVQ_correct,24,0.5444,0.0816,,,,raw,v3/results_vllm/probing/probing_Qwen2.5-3B-Instruct-LoRA_2k_5u.json,8 late layers indexed 0-7 (absolute layer in ci_analysis)
Qwen2.5-3B-Instruct,Qwen2.5,lora,2,5,CVQ_correct,25,0.5833,0.0805,,,,raw,v3/results_vllm/probing/probing_Qwen2.5-3B-Instruct-LoRA_2k_5u.json,8 late layers indexed 0-7 (absolute layer in ci_analysis)
Qwen2.5-3B-Instruct,Qwen2.5,lora,2,5,CVQ_correct,26,0.5778,0.0593,,,,raw,v3/results_vllm/probing/probing_Qwen2.5-3B-Instruct-LoRA_2k_5u.json,8 late layers indexed 0-7 (absolute layer in ci_analysis)
Qwen2.5-3B-Instruct,Qwen2.5,lora,2,5,CVQ_correct,27,0.7722,0.0539,,,,raw,v3/results_vllm/probing/probing_Qwen2.5-3B-Instruct-LoRA_2k_5u.json,8 late layers indexed 0-7 (absolute layer in ci_analysis)
Qwen2.5-3B-Instruct,Qwen2.5,lora,2,5,CVQ_correct,27,0.772,,0.725,0.819,,derived,lora_intervention/results/ci_analysis.txt,precomputed bootstrap CIs (absolute layer index)
Qwen2.5-3B-Instruct,Qwen2.5,lora,2,5,CVQ_correct,28,0.7333,0.0572,,,,raw,v3/results_vllm/probing/probing_Qwen2.5-3B-Instruct-LoRA_2k_5u.json,8 late layers indexed 0-7 (absolute layer in ci_analysis)
Qwen2.5-3B-Instruct,Qwen2.5,lora,2,5,CVQ_correct,29,0.7611,0.0572,,,,raw,v3/results_vllm/probing/probing_Qwen2.5-3B-Instruct-LoRA_2k_5u.json,8 late layers indexed 0-7 (absolute layer in ci_analysis)
Qwen2.5-3B-Instruct,Qwen2.5,lora,2,5,CVQ_correct,30,0.8444,0.0648,,,,raw,v3/results_vllm/probing/probing_Qwen2.5-3B-Instruct-LoRA_2k_5u.json,8 late layers indexed 0-7 (absolute layer in ci_analysis)
Qwen2.5-3B-Instruct,Qwen2.5,lora,2,5,CVQ_correct,30,0.844,,0.788,0.901,,derived,lora_intervention/results/ci_analysis.txt,precomputed bootstrap CIs (absolute layer index)
Qwen2.5-3B-Instruct,Qwen2.5,lora,2,5,CVQ_correct,31,0.9222,0.0478,,,,raw,v3/results_vllm/probing/probing_Qwen2.5-3B-Instruct-LoRA_2k_5u.json,8 late layers indexed 0-7 (absolute layer in ci_analysis)
Qwen2.5-3B-Instruct,Qwen2.5,lora,2,5,CVQ_correct,31,0.922,,0.88,0.964,,derived,lora_intervention/results/ci_analysis.txt,precomputed bootstrap CIs (absolute layer index)
Qwen2.5-3B-Instruct,Qwen2.5,lora,2,5,CVQ_correct,32,0.9389,0.0208,,,,raw,v3/results_vllm/probing/probing_Qwen2.5-3B-Instruct-LoRA_2k_5u.json,8 late layers indexed 0-7 (absolute layer in ci_analysis)
Qwen2.5-3B-Instruct,Qwen2.5,lora,2,5,CVQ_correct,32,0.939,,0.921,0.957,,derived,lora_intervention/results/ci_analysis.txt,precomputed bootstrap CIs (absolute layer index)
Qwen2.5-3B-Instruct,Qwen2.5,lora,2,5,CVQ_correct,33,0.9389,0.0272,,,,raw,v3/results_vllm/probing/probing_Qwen2.5-3B-Instruct-LoRA_2k_5u.json,8 late layers indexed 0-7 (absolute layer in ci_analysis)
Qwen2.5-3B-Instruct,Qwen2.5,lora,2,5,CVQ_correct,33,0.939,,0.915,0.963,,derived,lora_intervention/results/ci_analysis.txt,precomputed bootstrap CIs (absolute layer index)
Qwen2.5-3B-Instruct,Qwen2.5,lora,2,5,CVQ_correct,34,0.9556,0.0222,,,,raw,v3/results_vllm/probing/probing_Qwen2.5-3B-Instruct-LoRA_2k_5u.json,8 late layers indexed 0-7 (absolute layer in ci_analysis)
Qwen2.5-3B-Instruct,Qwen2.5,lora,2,5,CVQ_correct,34,0.956,,0.936,0.975,,derived,lora_intervention/results/ci_analysis.txt,precomputed bootstrap CIs (absolute layer index)
Qwen2.5-3B-Instruct,Qwen2.5,lora,2,5,CVQ_correct,35,0.9389,0.0208,,,,raw,v3/results_vllm/probing/probing_Qwen2.5-3B-Instruct-LoRA_2k_5u.json,8 late layers indexed 0-7 (absolute layer in ci_analysis)
Qwen2.5-3B-Instruct,Qwen2.5,lora,2,5,CVQ_correct,35,0.939,,0.921,0.957,,derived,lora_intervention/results/ci_analysis.txt,precomputed bootstrap CIs (absolute layer index)
Qwen2.5-3B-Instruct,Qwen2.5,lora,2,5,FVQ_correct,0,0.4939,0.0338,,,,raw,v3/results_vllm/probing/probing_Qwen2.5-3B-Instruct-LoRA_2k_5u.json,8 late layers indexed 0-7 (absolute layer in ci_analysis)
Qwen2.5-3B-Instruct,Qwen2.5,lora,2,5,FVQ_correct,1,0.4708,0.0609,,,,raw,v3/results_vllm/probing/probing_Qwen2.5-3B-Instruct-LoRA_2k_5u.json,8 late layers indexed 0-7 (absolute layer in ci_analysis)
Qwen2.5-3B-Instruct,Qwen2.5,lora,2,5,FVQ_correct,2,0.4479,0.0781,,,,raw,v3/results_vllm/probing/probing_Qwen2.5-3B-Instruct-LoRA_2k_5u.json,8 late layers indexed 0-7 (absolute layer in ci_analysis)
Qwen2.5-3B-Instruct,Qwen2.5,lora,2,5,FVQ_correct,3,0.4424,0.0408,,,,raw,v3/results_vllm/probing/probing_Qwen2.5-3B-Instruct-LoRA_2k_5u.json,8 late layers indexed 0-7 (absolute layer in ci_analysis)
Qwen2.5-3B-Instruct,Qwen2.5,lora,2,5,FVQ_correct,4,0.505,0.0721,,,,raw,v3/results_vllm/probing/probing_Qwen2.5-3B-Instruct-LoRA_2k_5u.json,8 late layers indexed 0-7 (absolute layer in ci_analysis)
Qwen2.5-3B-Instruct,Qwen2.5,lora,2,5,FVQ_correct,5,0.4939,0.0557,,,,raw,v3/results_vllm/probing/probing_Qwen2.5-3B-Instruct-LoRA_2k_5u.json,8 late layers indexed 0-7 (absolute layer in ci_analysis)
Qwen2.5-3B-Instruct,Qwen2.5,lora,2,5,FVQ_correct,6,0.4539,0.0726,,,,raw,v3/results_vllm/probing/probing_Qwen2.5-3B-Instruct-LoRA_2k_5u.json,8 late layers indexed 0-7 (absolute layer in ci_analysis)
Qwen2.5-3B-Instruct,Qwen2.5,lora,2,5,FVQ_correct,7,0.4425,0.0527,,,,raw,v3/results_vllm/probing/probing_Qwen2.5-3B-Instruct-LoRA_2k_5u.json,8 late layers indexed 0-7 (absolute layer in ci_analysis)
Qwen2.5-3B-Instruct,Qwen2.5,lora,2,5,FVQ_correct,8,0.4482,0.0637,,,,raw,v3/results_vllm/probing/probing_Qwen2.5-3B-Instruct-LoRA_2k_5u.json,8 late layers indexed 0-7 (absolute layer in ci_analysis)
Qwen2.5-3B-Instruct,Qwen2.5,lora,2,5,FVQ_correct,9,0.4773,0.0612,,,,raw,v3/results_vllm/probing/probing_Qwen2.5-3B-Instruct-LoRA_2k_5u.json,8 late layers indexed 0-7 (absolute layer in ci_analysis)
Qwen2.5-3B-Instruct,Qwen2.5,lora,2,5,FVQ_correct,10,0.46,0.0588,,,,raw,v3/results_vllm/probing/probing_Qwen2.5-3B-Instruct-LoRA_2k_5u.json,8 late layers indexed 0-7 (absolute layer in ci_analysis)
Qwen2.5-3B-Instruct,Qwen2.5,lora,2,5,FVQ_correct,11,0.4943,0.0333,,,,raw,v3/results_vllm/probing/probing_Qwen2.5-3B-Instruct-LoRA_2k_5u.json,8 late layers indexed 0-7 (absolute layer in ci_analysis)
Qwen2.5-3B-Instruct,Qwen2.5,lora,2,5,FVQ_correct,12,0.483,0.0483,,,,raw,v3/results_vllm/probing/probing_Qwen2.5-3B-Instruct-LoRA_2k_5u.json,8 late layers indexed 0-7 (absolute layer in ci_analysis)
Qwen2.5-3B-Instruct,Qwen2.5,lora,2,5,FVQ_correct,13,0.4887,0.0429,,,,raw,v3/results_vllm/probing/probing_Qwen2.5-3B-Instruct-LoRA_2k_5u.json,8 late layers indexed 0-7 (absolute layer in ci_analysis)
Qwen2.5-3B-Instruct,Qwen2.5,lora,2,5,FVQ_correct,14,0.4829,0.0498,,,,raw,v3/results_vllm/probing/probing_Qwen2.5-3B-Instruct-LoRA_2k_5u.json,8 late layers indexed 0-7 (absolute layer in ci_analysis)
Qwen2.5-3B-Instruct,Qwen2.5,lora,2,5,FVQ_correct,15,0.4773,0.0493,,,,raw,v3/results_vllm/probing/probing_Qwen2.5-3B-Instruct-LoRA_2k_5u.json,8 late layers indexed 0-7 (absolute layer in ci_analysis)
Qwen2.5-3B-Instruct,Qwen2.5,lora,2,5,FVQ_correct,16,0.4891,0.0971,,,,raw,v3/results_vllm/probing/probing_Qwen2.5-3B-Instruct-LoRA_2k_5u.json,8 late layers indexed 0-7 (absolute layer in ci_analysis)
Qwen2.5-3B-Instruct,Qwen2.5,lora,2,5,FVQ_correct,17,0.4714,0.0867,,,,raw,v3/results_vllm/probing/probing_Qwen2.5-3B-Instruct-LoRA_2k_5u.json,8 late layers indexed 0-7 (absolute layer in ci_analysis)
Qwen2.5-3B-Instruct,Qwen2.5,lora,2,5,FVQ_correct,18,0.4946,0.0778,,,,raw,v3/results_vllm/probing/probing_Qwen2.5-3B-Instruct-LoRA_2k_5u.json,8 late layers indexed 0-7 (absolute layer in ci_analysis)
Qwen2.5-3B-Instruct,Qwen2.5,lora,2,5,FVQ_correct,19,0.5232,0.0571,,,,raw,v3/results_vllm/probing/probing_Qwen2.5-3B-Instruct-LoRA_2k_5u.json,8 late layers indexed 0-7 (absolute layer in ci_analysis)
Qwen2.5-3B-Instruct,Qwen2.5,lora,2,5,FVQ_correct,20,0.5521,0.059,,,,raw,v3/results_vllm/probing/probing_Qwen2.5-3B-Instruct-LoRA_2k_5u.json,8 late layers indexed 0-7 (absolute layer in ci_analysis)
Qwen2.5-3B-Instruct,Qwen2.5,lora,2,5,FVQ_correct,21,0.5002,0.0512,,,,raw,v3/results_vllm/probing/probing_Qwen2.5-3B-Instruct-LoRA_2k_5u.json,8 late layers indexed 0-7 (absolute layer in ci_analysis)
Qwen2.5-3B-Instruct,Qwen2.5,lora,2,5,FVQ_correct,22,0.5,0.0557,,,,raw,v3/results_vllm/probing/probing_Qwen2.5-3B-Instruct-LoRA_2k_5u.json,8 late layers indexed 0-7 (absolute layer in ci_analysis)
Qwen2.5-3B-Instruct,Qwen2.5,lora,2,5,FVQ_correct,23,0.5116,0.056,,,,raw,v3/results_vllm/probing/probing_Qwen2.5-3B-Instruct-LoRA_2k_5u.json,8 late layers indexed 0-7 (absolute layer in ci_analysis)
Qwen2.5-3B-Instruct,Qwen2.5,lora,2,5,FVQ_correct,24,0.5343,0.0508,,,,raw,v3/results_vllm/probing/probing_Qwen2.5-3B-Instruct-LoRA_2k_5u.json,8 late layers indexed 0-7 (absolute layer in ci_analysis)
Qwen2.5-3B-Instruct,Qwen2.5,lora,2,5,FVQ_correct,25,0.5627,0.0626,,,,raw,v3/results_vllm/probing/probing_Qwen2.5-3B-Instruct-LoRA_2k_5u.json,8 late layers indexed 0-7 (absolute layer in ci_analysis)
Qwen2.5-3B-Instruct,Qwen2.5,lora,2,5,FVQ_correct,26,0.5461,0.0409,,,,raw,v3/results_vllm/probing/probing_Qwen2.5-3B-Instruct-LoRA_2k_5u.json,8 late layers indexed 0-7 (absolute layer in ci_analysis)
Qwen2.5-3B-Instruct,Qwen2.5,lora,2,5,FVQ_correct,27,0.6034,0.0614,,,,raw,v3/results_vllm/probing/probing_Qwen2.5-3B-Instruct-LoRA_2k_5u.json,8 late layers indexed 0-7 (absolute layer in ci_analysis)
Qwen2.5-3B-Instruct,Qwen2.5,lora,2,5,FVQ_correct,27,0.603,,0.55,0.657,,derived,lora_intervention/results/ci_analysis.txt,precomputed bootstrap CIs (absolute layer index)
Qwen2.5-3B-Instruct,Qwen2.5,lora,2,5,FVQ_correct,28,0.6323,0.0369,,,,raw,v3/results_vllm/probing/probing_Qwen2.5-3B-Instruct-LoRA_2k_5u.json,8 late layers indexed 0-7 (absolute layer in ci_analysis)
Qwen2.5-3B-Instruct,Qwen2.5,lora,2,5,FVQ_correct,29,0.7013,0.0633,,,,raw,v3/results_vllm/probing/probing_Qwen2.5-3B-Instruct-LoRA_2k_5u.json,8 late layers indexed 0-7 (absolute layer in ci_analysis)
Qwen2.5-3B-Instruct,Qwen2.5,lora,2,5,FVQ_correct,30,0.8511,0.0485,,,,raw,v3/results_vllm/probing/probing_Qwen2.5-3B-Instruct-LoRA_2k_5u.json,8 late layers indexed 0-7 (absolute layer in ci_analysis)
Qwen2.5-3B-Instruct,Qwen2.5,lora,2,5,FVQ_correct,30,0.851,,0.809,0.894,,derived,lora_intervention/results/ci_analysis.txt,precomputed bootstrap CIs (absolute layer index)
Qwen2.5-3B-Instruct,Qwen2.5,lora,2,5,FVQ_correct,31,0.9136,0.0263,,,,raw,v3/results_vllm/probing/probing_Qwen2.5-3B-Instruct-LoRA_2k_5u.json,8 late layers indexed 0-7 (absolute layer in ci_analysis)
Qwen2.5-3B-Instruct,Qwen2.5,lora,2,5,FVQ_correct,31,0.914,,0.891,0.937,,derived,lora_intervention/results/ci_analysis.txt,precomputed bootstrap CIs (absolute layer index)
Qwen2.5-3B-Instruct,Qwen2.5,lora,2,5,FVQ_correct,32,0.8965,0.039,,,,raw,v3/results_vllm/probing/probing_Qwen2.5-3B-Instruct-LoRA_2k_5u.json,8 late layers indexed 0-7 (absolute layer in ci_analysis)
Qwen2.5-3B-Instruct,Qwen2.5,lora,2,5,FVQ_correct,32,0.896,,0.862,0.931,,derived,lora_intervention/results/ci_analysis.txt,precomputed bootstrap CIs (absolute layer index)
Qwen2.5-3B-Instruct,Qwen2.5,lora,2,5,FVQ_correct,33,0.9252,0.0294,,,,raw,v3/results_vllm/probing/probing_Qwen2.5-3B-Instruct-LoRA_2k_5u.json,8 late layers indexed 0-7 (absolute layer in ci_analysis)
Qwen2.5-3B-Instruct,Qwen2.5,lora,2,5,FVQ_correct,33,0.925,,0.899,0.951,,derived,lora_intervention/results/ci_analysis.txt,precomputed bootstrap CIs (absolute layer index)
Qwen2.5-3B-Instruct,Qwen2.5,lora,2,5,FVQ_correct,34,0.9138,0.0404,,,,raw,v3/results_vllm/probing/probing_Qwen2.5-3B-Instruct-LoRA_2k_5u.json,8 late layers indexed 0-7 (absolute layer in ci_analysis)
Qwen2.5-3B-Instruct,Qwen2.5,lora,2,5,FVQ_correct,34,0.914,,0.878,0.949,,derived,lora_intervention/results/ci_analysis.txt,precomputed bootstrap CIs (absolute layer index)
Qwen2.5-3B-Instruct,Qwen2.5,lora,2,5,FVQ_correct,35,0.9081,0.0332,,,,raw,v3/results_vllm/probing/probing_Qwen2.5-3B-Instruct-LoRA_2k_5u.json,8 late layers indexed 0-7 (absolute layer in ci_analysis)
Qwen2.5-3B-Instruct,Qwen2.5,lora,2,5,FVQ_correct,35,0.908,,0.879,0.937,,derived,lora_intervention/results/ci_analysis.txt,precomputed bootstrap CIs (absolute layer index)
Qwen2.5-3B-Instruct,Qwen2.5,lora,2,5,cond_discrimination,0,0.61,0.0804,,,,raw,v3/results_vllm/probing/probing_Qwen2.5-3B-Instruct-LoRA_2k_5u.json,8 late layers indexed 0-7 (absolute layer in ci_analysis)
Qwen2.5-3B-Instruct,Qwen2.5,lora,2,5,cond_discrimination,1,0.84,0.0788,,,,raw,v3/results_vllm/probing/probing_Qwen2.5-3B-Instruct-LoRA_2k_5u.json,8 late layers indexed 0-7 (absolute layer in ci_analysis)
Qwen2.5-3B-Instruct,Qwen2.5,lora,2,5,cond_discrimination,2,0.905,0.0376,,,,raw,v3/results_vllm/probing/probing_Qwen2.5-3B-Instruct-LoRA_2k_5u.json,8 late layers indexed 0-7 (absolute layer in ci_analysis)
Qwen2.5-3B-Instruct,Qwen2.5,lora,2,5,cond_discrimination,3,0.9875,0.0112,,,,raw,v3/results_vllm/probing/probing_Qwen2.5-3B-Instruct-LoRA_2k_5u.json,8 late layers indexed 0-7 (absolute layer in ci_analysis)
Qwen2.5-3B-Instruct,Qwen2.5,lora,2,5,cond_discrimination,4,0.995,0.0061,,,,raw,v3/results_vllm/probing/probing_Qwen2.5-3B-Instruct-LoRA_2k_5u.json,8 late layers indexed 0-7 (absolute layer in ci_analysis)
Qwen2.5-3B-Instruct,Qwen2.5,lora,2,5,cond_discrimination,5,0.9925,0.0061,,,,raw,v3/results_vllm/probing/probing_Qwen2.5-3B-Instruct-LoRA_2k_5u.json,8 late layers indexed 0-7 (absolute layer in ci_analysis)
Qwen2.5-3B-Instruct,Qwen2.5,lora,2,5,cond_discrimination,6,0.995,0.0061,,,,raw,v3/results_vllm/probing/probing_Qwen2.5-3B-Instruct-LoRA_2k_5u.json,8 late layers indexed 0-7 (absolute layer in ci_analysis)
Qwen2.5-3B-Instruct,Qwen2.5,lora,2,5,cond_discrimination,7,0.9925,0.0061,,,,raw,v3/results_vllm/probing/probing_Qwen2.5-3B-Instruct-LoRA_2k_5u.json,8 late layers indexed 0-7 (absolute layer in ci_analysis)
Qwen2.5-3B-Instruct,Qwen2.5,lora,2,5,cond_discrimination,8,1.0,0.0,,,,raw,v3/results_vllm/probing/probing_Qwen2.5-3B-Instruct-LoRA_2k_5u.json,8 late layers indexed 0-7 (absolute layer in ci_analysis)
Qwen2.5-3B-Instruct,Qwen2.5,lora,2,5,cond_discrimination,9,1.0,0.0,,,,raw,v3/results_vllm/probing/probing_Qwen2.5-3B-Instruct-LoRA_2k_5u.json,8 late layers indexed 0-7 (absolute layer in ci_analysis)
Qwen2.5-3B-Instruct,Qwen2.5,lora,2,5,cond_discrimination,10,1.0,0.0,,,,raw,v3/results_vllm/probing/probing_Qwen2.5-3B-Instruct-LoRA_2k_5u.json,8 late layers indexed 0-7 (absolute layer in ci_analysis)
Qwen2.5-3B-Instruct,Qwen2.5,lora,2,5,cond_discrimination,11,1.0,0.0,,,,raw,v3/results_vllm/probing/probing_Qwen2.5-3B-Instruct-LoRA_2k_5u.json,8 late layers indexed 0-7 (absolute layer in ci_analysis)
Qwen2.5-3B-Instruct,Qwen2.5,lora,2,5,cond_discrimination,12,1.0,0.0,,,,raw,v3/results_vllm/probing/probing_Qwen2.5-3B-Instruct-LoRA_2k_5u.json,8 late layers indexed 0-7 (absolute layer in ci_analysis)
Qwen2.5-3B-Instruct,Qwen2.5,lora,2,5,cond_discrimination,13,1.0,0.0,,,,raw,v3/results_vllm/probing/probing_Qwen2.5-3B-Instruct-LoRA_2k_5u.json,8 late layers indexed 0-7 (absolute layer in ci_analysis)
Qwen2.5-3B-Instruct,Qwen2.5,lora,2,5,cond_discrimination,14,1.0,0.0,,,,raw,v3/results_vllm/probing/probing_Qwen2.5-3B-Instruct-LoRA_2k_5u.json,8 late layers indexed 0-7 (absolute layer in ci_analysis)
Qwen2.5-3B-Instruct,Qwen2.5,lora,2,5,cond_discrimination,15,1.0,0.0,,,,raw,v3/results_vllm/probing/probing_Qwen2.5-3B-Instruct-LoRA_2k_5u.json,8 late layers indexed 0-7 (absolute layer in ci_analysis)
Qwen2.5-3B-Instruct,Qwen2.5,lora,2,5,cond_discrimination,16,1.0,0.0,,,,raw,v3/results_vllm/probing/probing_Qwen2.5-3B-Instruct-LoRA_2k_5u.json,8 late layers indexed 0-7 (absolute layer in ci_analysis)
Qwen2.5-3B-Instruct,Qwen2.5,lora,2,5,cond_discrimination,17,1.0,0.0,,,,raw,v3/results_vllm/probing/probing_Qwen2.5-3B-Instruct-LoRA_2k_5u.json,8 late layers indexed 0-7 (absolute layer in ci_analysis)
Qwen2.5-3B-Instruct,Qwen2.5,lora,2,5,cond_discrimination,18,1.0,0.0,,,,raw,v3/results_vllm/probing/probing_Qwen2.5-3B-Instruct-LoRA_2k_5u.json,8 late layers indexed 0-7 (absolute layer in ci_analysis)
Qwen2.5-3B-Instruct,Qwen2.5,lora,2,5,cond_discrimination,19,1.0,0.0,,,,raw,v3/results_vllm/probing/probing_Qwen2.5-3B-Instruct-LoRA_2k_5u.json,8 late layers indexed 0-7 (absolute layer in ci_analysis)
Qwen2.5-3B-Instruct,Qwen2.5,lora,2,5,cond_discrimination,20,1.0,0.0,,,,raw,v3/results_vllm/probing/probing_Qwen2.5-3B-Instruct-LoRA_2k_5u.json,8 late layers indexed 0-7 (absolute layer in ci_analysis)
Qwen2.5-3B-Instruct,Qwen2.5,lora,2,5,cond_discrimination,21,1.0,0.0,,,,raw,v3/results_vllm/probing/probing_Qwen2.5-3B-Instruct-LoRA_2k_5u.json,8 late layers indexed 0-7 (absolute layer in ci_analysis)
Qwen2.5-3B-Instruct,Qwen2.5,lora,2,5,cond_discrimination,22,1.0,0.0,,,,raw,v3/results_vllm/probing/probing_Qwen2.5-3B-Instruct-LoRA_2k_5u.json,8 late layers indexed 0-7 (absolute layer in ci_analysis)
Qwen2.5-3B-Instruct,Qwen2.5,lora,2,5,cond_discrimination,23,1.0,0.0,,,,raw,v3/results_vllm/probing/probing_Qwen2.5-3B-Instruct-LoRA_2k_5u.json,8 late layers indexed 0-7 (absolute layer in ci_analysis)
Qwen2.5-3B-Instruct,Qwen2.5,lora,2,5,cond_discrimination,24,1.0,0.0,,,,raw,v3/results_vllm/probing/probing_Qwen2.5-3B-Instruct-LoRA_2k_5u.json,8 late layers indexed 0-7 (absolute layer in ci_analysis)
Qwen2.5-3B-Instruct,Qwen2.5,lora,2,5,cond_discrimination,25,1.0,0.0,,,,raw,v3/results_vllm/probing/probing_Qwen2.5-3B-Instruct-LoRA_2k_5u.json,8 late layers indexed 0-7 (absolute layer in ci_analysis)
Qwen2.5-3B-Instruct,Qwen2.5,lora,2,5,cond_discrimination,26,1.0,0.0,,,,raw,v3/results_vllm/probing/probing_Qwen2.5-3B-Instruct-LoRA_2k_5u.json,8 late layers indexed 0-7 (absolute layer in ci_analysis)
Qwen2.5-3B-Instruct,Qwen2.5,lora,2,5,cond_discrimination,27,1.0,0.0,,,,raw,v3/results_vllm/probing/probing_Qwen2.5-3B-Instruct-LoRA_2k_5u.json,8 late layers indexed 0-7 (absolute layer in ci_analysis)
Qwen2.5-3B-Instruct,Qwen2.5,lora,2,5,cond_discrimination,27,1.0,,1.0,1.0,,derived,lora_intervention/results/ci_analysis.txt,precomputed bootstrap CIs (absolute layer index)
Qwen2.5-3B-Instruct,Qwen2.5,lora,2,5,cond_discrimination,28,1.0,0.0,,,,raw,v3/results_vllm/probing/probing_Qwen2.5-3B-Instruct-LoRA_2k_5u.json,8 late layers indexed 0-7 (absolute layer in ci_analysis)
Qwen2.5-3B-Instruct,Qwen2.5,lora,2,5,cond_discrimination,29,1.0,0.0,,,,raw,v3/results_vllm/probing/probing_Qwen2.5-3B-Instruct-LoRA_2k_5u.json,8 late layers indexed 0-7 (absolute layer in ci_analysis)
Qwen2.5-3B-Instruct,Qwen2.5,lora,2,5,cond_discrimination,30,1.0,0.0,,,,raw,v3/results_vllm/probing/probing_Qwen2.5-3B-Instruct-LoRA_2k_5u.json,8 late layers indexed 0-7 (absolute layer in ci_analysis)
Qwen2.5-3B-Instruct,Qwen2.5,lora,2,5,cond_discrimination,30,1.0,,1.0,1.0,,derived,lora_intervention/results/ci_analysis.txt,precomputed bootstrap CIs (absolute layer index)
Qwen2.5-3B-Instruct,Qwen2.5,lora,2,5,cond_discrimination,31,1.0,0.0,,,,raw,v3/results_vllm/probing/probing_Qwen2.5-3B-Instruct-LoRA_2k_5u.json,8 late layers indexed 0-7 (absolute layer in ci_analysis)
Qwen2.5-3B-Instruct,Qwen2.5,lora,2,5,cond_discrimination,31,1.0,,1.0,1.0,,derived,lora_intervention/results/ci_analysis.txt,precomputed bootstrap CIs (absolute layer index)
Qwen2.5-3B-Instruct,Qwen2.5,lora,2,5,cond_discrimination,32,1.0,0.0,,,,raw,v3/results_vllm/probing/probing_Qwen2.5-3B-Instruct-LoRA_2k_5u.json,8 late layers indexed 0-7 (absolute layer in ci_analysis)
Qwen2.5-3B-Instruct,Qwen2.5,lora,2,5,cond_discrimination,32,1.0,,1.0,1.0,,derived,lora_intervention/results/ci_analysis.txt,precomputed bootstrap CIs (absolute layer index)
Qwen2.5-3B-Instruct,Qwen2.5,lora,2,5,cond_discrimination,33,1.0,0.0,,,,raw,v3/results_vllm/probing/probing_Qwen2.5-3B-Instruct-LoRA_2k_5u.json,8 late layers indexed 0-7 (absolute layer in ci_analysis)
Qwen2.5-3B-Instruct,Qwen2.5,lora,2,5,cond_discrimination,33,1.0,,1.0,1.0,,derived,lora_intervention/results/ci_analysis.txt,precomputed bootstrap CIs (absolute layer index)
Qwen2.5-3B-Instruct,Qwen2.5,lora,2,5,cond_discrimination,34,1.0,0.0,,,,raw,v3/results_vllm/probing/probing_Qwen2.5-3B-Instruct-LoRA_2k_5u.json,8 late layers indexed 0-7 (absolute layer in ci_analysis)
Qwen2.5-3B-Instruct,Qwen2.5,lora,2,5,cond_discrimination,34,1.0,,1.0,1.0,,derived,lora_intervention/results/ci_analysis.txt,precomputed bootstrap CIs (absolute layer index)
Qwen2.5-3B-Instruct,Qwen2.5,lora,2,5,cond_discrimination,35,1.0,0.0,,,,raw,v3/results_vllm/probing/probing_Qwen2.5-3B-Instruct-LoRA_2k_5u.json,8 late layers indexed 0-7 (absolute layer in ci_analysis)
Qwen2.5-3B-Instruct,Qwen2.5,lora,2,5,cond_discrimination,35,1.0,,1.0,1.0,,derived,lora_intervention/results/ci_analysis.txt,precomputed bootstrap CIs (absolute layer index)
gemma-3-4b-it,Gemma-3,base,2,5,CVQ_correct,0,0.5143,0.0955,,,,raw,v3/results_vllm/probing/probing_gemma-3-4b-it-baseline-hf_2k_5u.json,8 late layers indexed 0-7 (absolute layer in ci_analysis)
gemma-3-4b-it,Gemma-3,base,2,5,CVQ_correct,1,0.534,0.0695,,,,raw,v3/results_vllm/probing/probing_gemma-3-4b-it-baseline-hf_2k_5u.json,8 late layers indexed 0-7 (absolute layer in ci_analysis)
gemma-3-4b-it,Gemma-3,base,2,5,CVQ_correct,2,0.4531,0.0489,,,,raw,v3/results_vllm/probing/probing_gemma-3-4b-it-baseline-hf_2k_5u.json,8 late layers indexed 0-7 (absolute layer in ci_analysis)
gemma-3-4b-it,Gemma-3,base,2,5,CVQ_correct,3,0.4931,0.0434,,,,raw,v3/results_vllm/probing/probing_gemma-3-4b-it-baseline-hf_2k_5u.json,8 late layers indexed 0-7 (absolute layer in ci_analysis)
gemma-3-4b-it,Gemma-3,base,2,5,CVQ_correct,4,0.4855,0.066,,,,raw,v3/results_vllm/probing/probing_gemma-3-4b-it-baseline-hf_2k_5u.json,8 late layers indexed 0-7 (absolute layer in ci_analysis)
gemma-3-4b-it,Gemma-3,base,2,5,CVQ_correct,5,0.4657,0.0327,,,,raw,v3/results_vllm/probing/probing_gemma-3-4b-it-baseline-hf_2k_5u.json,8 late layers indexed 0-7 (absolute layer in ci_analysis)
gemma-3-4b-it,Gemma-3,base,2,5,CVQ_correct,6,0.466,0.0289,,,,raw,v3/results_vllm/probing/probing_gemma-3-4b-it-baseline-hf_2k_5u.json,8 late layers indexed 0-7 (absolute layer in ci_analysis)
gemma-3-4b-it,Gemma-3,base,2,5,CVQ_correct,7,0.432,0.0577,,,,raw,v3/results_vllm/probing/probing_gemma-3-4b-it-baseline-hf_2k_5u.json,8 late layers indexed 0-7 (absolute layer in ci_analysis)
gemma-3-4b-it,Gemma-3,base,2,5,CVQ_correct,8,0.4729,0.0273,,,,raw,v3/results_vllm/probing/probing_gemma-3-4b-it-baseline-hf_2k_5u.json,8 late layers indexed 0-7 (absolute layer in ci_analysis)
gemma-3-4b-it,Gemma-3,base,2,5,CVQ_correct,9,0.5005,0.0537,,,,raw,v3/results_vllm/probing/probing_gemma-3-4b-it-baseline-hf_2k_5u.json,8 late layers indexed 0-7 (absolute layer in ci_analysis)
gemma-3-4b-it,Gemma-3,base,2,5,CVQ_correct,10,0.5207,0.033,,,,raw,v3/results_vllm/probing/probing_gemma-3-4b-it-baseline-hf_2k_5u.json,8 late layers indexed 0-7 (absolute layer in ci_analysis)
gemma-3-4b-it,Gemma-3,base,2,5,CVQ_correct,11,0.5136,0.0681,,,,raw,v3/results_vllm/probing/probing_gemma-3-4b-it-baseline-hf_2k_5u.json,8 late layers indexed 0-7 (absolute layer in ci_analysis)
gemma-3-4b-it,Gemma-3,base,2,5,CVQ_correct,12,0.5336,0.0914,,,,raw,v3/results_vllm/probing/probing_gemma-3-4b-it-baseline-hf_2k_5u.json,8 late layers indexed 0-7 (absolute layer in ci_analysis)
gemma-3-4b-it,Gemma-3,base,2,5,CVQ_correct,13,0.5543,0.0635,,,,raw,v3/results_vllm/probing/probing_gemma-3-4b-it-baseline-hf_2k_5u.json,8 late layers indexed 0-7 (absolute layer in ci_analysis)
gemma-3-4b-it,Gemma-3,base,2,5,CVQ_correct,14,0.4729,0.0273,,,,raw,v3/results_vllm/probing/probing_gemma-3-4b-it-baseline-hf_2k_5u.json,8 late layers indexed 0-7 (absolute layer in ci_analysis)
gemma-3-4b-it,Gemma-3,base,2,5,CVQ_correct,15,0.5343,0.0534,,,,raw,v3/results_vllm/probing/probing_gemma-3-4b-it-baseline-hf_2k_5u.json,8 late layers indexed 0-7 (absolute layer in ci_analysis)
gemma-3-4b-it,Gemma-3,base,2,5,CVQ_correct,16,0.5271,0.0626,,,,raw,v3/results_vllm/probing/probing_gemma-3-4b-it-baseline-hf_2k_5u.json,8 late layers indexed 0-7 (absolute layer in ci_analysis)
gemma-3-4b-it,Gemma-3,base,2,5,CVQ_correct,17,0.472,0.0925,,,,raw,v3/results_vllm/probing/probing_gemma-3-4b-it-baseline-hf_2k_5u.json,8 late layers indexed 0-7 (absolute layer in ci_analysis)
gemma-3-4b-it,Gemma-3,base,2,5,CVQ_correct,18,0.4653,0.1157,,,,raw,v3/results_vllm/probing/probing_gemma-3-4b-it-baseline-hf_2k_5u.json,8 late layers indexed 0-7 (absolute layer in ci_analysis)
gemma-3-4b-it,Gemma-3,base,2,5,CVQ_correct,19,0.5269,0.0674,,,,raw,v3/results_vllm/probing/probing_gemma-3-4b-it-baseline-hf_2k_5u.json,8 late layers indexed 0-7 (absolute layer in ci_analysis)
gemma-3-4b-it,Gemma-3,base,2,5,CVQ_correct,20,0.5133,0.0558,,,,raw,v3/results_vllm/probing/probing_gemma-3-4b-it-baseline-hf_2k_5u.json,8 late layers indexed 0-7 (absolute layer in ci_analysis)
gemma-3-4b-it,Gemma-3,base,2,5,CVQ_correct,21,0.514,0.0396,,,,raw,v3/results_vllm/probing/probing_gemma-3-4b-it-baseline-hf_2k_5u.json,8 late layers indexed 0-7 (absolute layer in ci_analysis)
gemma-3-4b-it,Gemma-3,base,2,5,CVQ_correct,22,0.5747,0.0642,,,,raw,v3/results_vllm/probing/probing_gemma-3-4b-it-baseline-hf_2k_5u.json,8 late layers indexed 0-7 (absolute layer in ci_analysis)
gemma-3-4b-it,Gemma-3,base,2,5,CVQ_correct,23,0.7152,0.1012,,,,raw,v3/results_vllm/probing/probing_gemma-3-4b-it-baseline-hf_2k_5u.json,8 late layers indexed 0-7 (absolute layer in ci_analysis)
gemma-3-4b-it,Gemma-3,base,2,5,CVQ_correct,24,0.7292,0.0984,,,,raw,v3/results_vllm/probing/probing_gemma-3-4b-it-baseline-hf_2k_5u.json,8 late layers indexed 0-7 (absolute layer in ci_analysis)
gemma-3-4b-it,Gemma-3,base,2,5,CVQ_correct,25,0.7152,0.0741,,,,raw,v3/results_vllm/probing/probing_gemma-3-4b-it-baseline-hf_2k_5u.json,8 late layers indexed 0-7 (absolute layer in ci_analysis)
gemma-3-4b-it,Gemma-3,base,2,5,CVQ_correct,26,0.7021,0.061,,,,raw,v3/results_vllm/probing/probing_gemma-3-4b-it-baseline-hf_2k_5u.json,8 late layers indexed 0-7 (absolute layer in ci_analysis)
gemma-3-4b-it,Gemma-3,base,2,5,CVQ_correct,27,0.6885,0.0617,,,,raw,v3/results_vllm/probing/probing_gemma-3-4b-it-baseline-hf_2k_5u.json,8 late layers indexed 0-7 (absolute layer in ci_analysis)
gemma-3-4b-it,Gemma-3,base,2,5,CVQ_correct,28,0.729,0.1052,,,,raw,v3/results_vllm/probing/probing_gemma-3-4b-it-baseline-hf_2k_5u.json,8 late layers indexed 0-7 (absolute layer in ci_analysis)
gemma-3-4b-it,Gemma-3,base,2,5,CVQ_correct,29,0.709,0.0721,,,,raw,v3/results_vllm/probing/probing_gemma-3-4b-it-baseline-hf_2k_5u.json,8 late layers indexed 0-7 (absolute layer in ci_analysis)
gemma-3-4b-it,Gemma-3,base,2,5,CVQ_correct,30,0.7161,0.0357,,,,raw,v3/results_vllm/probing/probing_gemma-3-4b-it-baseline-hf_2k_5u.json,8 late layers indexed 0-7 (absolute layer in ci_analysis)
gemma-3-4b-it,Gemma-3,base,2,5,CVQ_correct,31,0.7097,0.0489,,,,raw,v3/results_vllm/probing/probing_gemma-3-4b-it-baseline-hf_2k_5u.json,8 late layers indexed 0-7 (absolute layer in ci_analysis)
gemma-3-4b-it,Gemma-3,base,2,5,CVQ_correct,32,0.7297,0.0428,,,,raw,v3/results_vllm/probing/probing_gemma-3-4b-it-baseline-hf_2k_5u.json,8 late layers indexed 0-7 (absolute layer in ci_analysis)
gemma-3-4b-it,Gemma-3,base,2,5,CVQ_correct,33,0.7034,0.1242,,,,raw,v3/results_vllm/probing/probing_gemma-3-4b-it-baseline-hf_2k_5u.json,8 late layers indexed 0-7 (absolute layer in ci_analysis)
gemma-3-4b-it,Gemma-3,base,2,5,FVQ_correct,0,0.3967,0.085,,,,raw,v3/results_vllm/probing/probing_gemma-3-4b-it-baseline-hf_2k_5u.json,8 late layers indexed 0-7 (absolute layer in ci_analysis)
gemma-3-4b-it,Gemma-3,base,2,5,FVQ_correct,1,0.4868,0.0829,,,,raw,v3/results_vllm/probing/probing_gemma-3-4b-it-baseline-hf_2k_5u.json,8 late layers indexed 0-7 (absolute layer in ci_analysis)
gemma-3-4b-it,Gemma-3,base,2,5,FVQ_correct,2,0.4451,0.1193,,,,raw,v3/results_vllm/probing/probing_gemma-3-4b-it-baseline-hf_2k_5u.json,8 late layers indexed 0-7 (absolute layer in ci_analysis)
gemma-3-4b-it,Gemma-3,base,2,5,FVQ_correct,3,0.5626,0.1354,,,,raw,v3/results_vllm/probing/probing_gemma-3-4b-it-baseline-hf_2k_5u.json,8 late layers indexed 0-7 (absolute layer in ci_analysis)
gemma-3-4b-it,Gemma-3,base,2,5,FVQ_correct,4,0.5033,0.1131,,,,raw,v3/results_vllm/probing/probing_gemma-3-4b-it-baseline-hf_2k_5u.json,8 late layers indexed 0-7 (absolute layer in ci_analysis)
gemma-3-4b-it,Gemma-3,base,2,5,FVQ_correct,5,0.4286,0.14,,,,raw,v3/results_vllm/probing/probing_gemma-3-4b-it-baseline-hf_2k_5u.json,8 late layers indexed 0-7 (absolute layer in ci_analysis)
gemma-3-4b-it,Gemma-3,base,2,5,FVQ_correct,6,0.5297,0.0717,,,,raw,v3/results_vllm/probing/probing_gemma-3-4b-it-baseline-hf_2k_5u.json,8 late layers indexed 0-7 (absolute layer in ci_analysis)
gemma-3-4b-it,Gemma-3,base,2,5,FVQ_correct,7,0.5462,0.1081,,,,raw,v3/results_vllm/probing/probing_gemma-3-4b-it-baseline-hf_2k_5u.json,8 late layers indexed 0-7 (absolute layer in ci_analysis)
gemma-3-4b-it,Gemma-3,base,2,5,FVQ_correct,8,0.4879,0.089,,,,raw,v3/results_vllm/probing/probing_gemma-3-4b-it-baseline-hf_2k_5u.json,8 late layers indexed 0-7 (absolute layer in ci_analysis)
gemma-3-4b-it,Gemma-3,base,2,5,FVQ_correct,9,0.4868,0.0829,,,,raw,v3/results_vllm/probing/probing_gemma-3-4b-it-baseline-hf_2k_5u.json,8 late layers indexed 0-7 (absolute layer in ci_analysis)
gemma-3-4b-it,Gemma-3,base,2,5,FVQ_correct,10,0.4582,0.0857,,,,raw,v3/results_vllm/probing/probing_gemma-3-4b-it-baseline-hf_2k_5u.json,8 late layers indexed 0-7 (absolute layer in ci_analysis)
gemma-3-4b-it,Gemma-3,base,2,5,FVQ_correct,11,0.4011,0.125,,,,raw,v3/results_vllm/probing/probing_gemma-3-4b-it-baseline-hf_2k_5u.json,8 late layers indexed 0-7 (absolute layer in ci_analysis)
gemma-3-4b-it,Gemma-3,base,2,5,FVQ_correct,12,0.5341,0.1587,,,,raw,v3/results_vllm/probing/probing_gemma-3-4b-it-baseline-hf_2k_5u.json,8 late layers indexed 0-7 (absolute layer in ci_analysis)
gemma-3-4b-it,Gemma-3,base,2,5,FVQ_correct,13,0.4736,0.1145,,,,raw,v3/results_vllm/probing/probing_gemma-3-4b-it-baseline-hf_2k_5u.json,8 late layers indexed 0-7 (absolute layer in ci_analysis)
gemma-3-4b-it,Gemma-3,base,2,5,FVQ_correct,14,0.4879,0.1125,,,,raw,v3/results_vllm/probing/probing_gemma-3-4b-it-baseline-hf_2k_5u.json,8 late layers indexed 0-7 (absolute layer in ci_analysis)
gemma-3-4b-it,Gemma-3,base,2,5,FVQ_correct,15,0.6044,0.0948,,,,raw,v3/results_vllm/probing/probing_gemma-3-4b-it-baseline-hf_2k_5u.json,8 late layers indexed 0-7 (absolute layer in ci_analysis)
gemma-3-4b-it,Gemma-3,base,2,5,FVQ_correct,16,0.5154,0.1341,,,,raw,v3/results_vllm/probing/probing_gemma-3-4b-it-baseline-hf_2k_5u.json,8 late layers indexed 0-7 (absolute layer in ci_analysis)
gemma-3-4b-it,Gemma-3,base,2,5,FVQ_correct,17,0.5758,0.1189,,,,raw,v3/results_vllm/probing/probing_gemma-3-4b-it-baseline-hf_2k_5u.json,8 late layers indexed 0-7 (absolute layer in ci_analysis)
gemma-3-4b-it,Gemma-3,base,2,5,FVQ_correct,18,0.6022,0.0802,,,,raw,v3/results_vllm/probing/probing_gemma-3-4b-it-baseline-hf_2k_5u.json,8 late layers indexed 0-7 (absolute layer in ci_analysis)
gemma-3-4b-it,Gemma-3,base,2,5,FVQ_correct,19,0.6187,0.1013,,,,raw,v3/results_vllm/probing/probing_gemma-3-4b-it-baseline-hf_2k_5u.json,8 late layers indexed 0-7 (absolute layer in ci_analysis)
gemma-3-4b-it,Gemma-3,base,2,5,FVQ_correct,20,0.5604,0.0823,,,,raw,v3/results_vllm/probing/probing_gemma-3-4b-it-baseline-hf_2k_5u.json,8 late layers indexed 0-7 (absolute layer in ci_analysis)
gemma-3-4b-it,Gemma-3,base,2,5,FVQ_correct,21,0.6758,0.0795,,,,raw,v3/results_vllm/probing/probing_gemma-3-4b-it-baseline-hf_2k_5u.json,8 late layers indexed 0-7 (absolute layer in ci_analysis)
gemma-3-4b-it,Gemma-3,base,2,5,FVQ_correct,22,0.633,0.0395,,,,raw,v3/results_vllm/probing/probing_gemma-3-4b-it-baseline-hf_2k_5u.json,8 late layers indexed 0-7 (absolute layer in ci_analysis)
gemma-3-4b-it,Gemma-3,base,2,5,FVQ_correct,23,0.9121,0.0719,,,,raw,v3/results_vllm/probing/probing_gemma-3-4b-it-baseline-hf_2k_5u.json,8 late layers indexed 0-7 (absolute layer in ci_analysis)
gemma-3-4b-it,Gemma-3,base,2,5,FVQ_correct,24,0.9121,0.0719,,,,raw,v3/results_vllm/probing/probing_gemma-3-4b-it-baseline-hf_2k_5u.json,8 late layers indexed 0-7 (absolute layer in ci_analysis)
gemma-3-4b-it,Gemma-3,base,2,5,FVQ_correct,25,0.9264,0.0664,,,,raw,v3/results_vllm/probing/probing_gemma-3-4b-it-baseline-hf_2k_5u.json,8 late layers indexed 0-7 (absolute layer in ci_analysis)
gemma-3-4b-it,Gemma-3,base,2,5,FVQ_correct,26,0.9264,0.0664,,,,raw,v3/results_vllm/probing/probing_gemma-3-4b-it-baseline-hf_2k_5u.json,8 late layers indexed 0-7 (absolute layer in ci_analysis)
gemma-3-4b-it,Gemma-3,base,2,5,FVQ_correct,27,0.9264,0.0664,,,,raw,v3/results_vllm/probing/probing_gemma-3-4b-it-baseline-hf_2k_5u.json,8 late layers indexed 0-7 (absolute layer in ci_analysis)
gemma-3-4b-it,Gemma-3,base,2,5,FVQ_correct,28,0.911,0.0885,,,,raw,v3/results_vllm/probing/probing_gemma-3-4b-it-baseline-hf_2k_5u.json,8 late layers indexed 0-7 (absolute layer in ci_analysis)
gemma-3-4b-it,Gemma-3,base,2,5,FVQ_correct,29,0.911,0.0885,,,,raw,v3/results_vllm/probing/probing_gemma-3-4b-it-baseline-hf_2k_5u.json,8 late layers indexed 0-7 (absolute layer in ci_analysis)
gemma-3-4b-it,Gemma-3,base,2,5,FVQ_correct,30,0.911,0.0885,,,,raw,v3/results_vllm/probing/probing_gemma-3-4b-it-baseline-hf_2k_5u.json,8 late layers indexed 0-7 (absolute layer in ci_analysis)
gemma-3-4b-it,Gemma-3,base,2,5,FVQ_correct,31,0.9264,0.0664,,,,raw,v3/results_vllm/probing/probing_gemma-3-4b-it-baseline-hf_2k_5u.json,8 late layers indexed 0-7 (absolute layer in ci_analysis)
gemma-3-4b-it,Gemma-3,base,2,5,FVQ_correct,32,0.9264,0.0664,,,,raw,v3/results_vllm/probing/probing_gemma-3-4b-it-baseline-hf_2k_5u.json,8 late layers indexed 0-7 (absolute layer in ci_analysis)
gemma-3-4b-it,Gemma-3,base,2,5,FVQ_correct,33,0.8956,0.1053,,,,raw,v3/results_vllm/probing/probing_gemma-3-4b-it-baseline-hf_2k_5u.json,8 late layers indexed 0-7 (absolute layer in ci_analysis)
gemma-3-4b-it,Gemma-3,base,2,5,cond_discrimination,0,0.8225,0.0496,,,,raw,v3/results_vllm/probing/probing_gemma-3-4b-it-baseline-hf_2k_5u.json,8 late layers indexed 0-7 (absolute layer in ci_analysis)
gemma-3-4b-it,Gemma-3,base,2,5,cond_discrimination,1,0.915,0.0382,,,,raw,v3/results_vllm/probing/probing_gemma-3-4b-it-baseline-hf_2k_5u.json,8 late layers indexed 0-7 (absolute layer in ci_analysis)
gemma-3-4b-it,Gemma-3,base,2,5,cond_discrimination,2,0.965,0.031,,,,raw,v3/results_vllm/probing/probing_gemma-3-4b-it-baseline-hf_2k_5u.json,8 late layers indexed 0-7 (absolute layer in ci_analysis)
gemma-3-4b-it,Gemma-3,base,2,5,cond_discrimination,3,0.98,0.0061,,,,raw,v3/results_vllm/probing/probing_gemma-3-4b-it-baseline-hf_2k_5u.json,8 late layers indexed 0-7 (absolute layer in ci_analysis)
gemma-3-4b-it,Gemma-3,base,2,5,cond_discrimination,4,1.0,0.0,,,,raw,v3/results_vllm/probing/probing_gemma-3-4b-it-baseline-hf_2k_5u.json,8 late layers indexed 0-7 (absolute layer in ci_analysis)
gemma-3-4b-it,Gemma-3,base,2,5,cond_discrimination,5,1.0,0.0,,,,raw,v3/results_vllm/probing/probing_gemma-3-4b-it-baseline-hf_2k_5u.json,8 late layers indexed 0-7 (absolute layer in ci_analysis)
gemma-3-4b-it,Gemma-3,base,2,5,cond_discrimination,6,1.0,0.0,,,,raw,v3/results_vllm/probing/probing_gemma-3-4b-it-baseline-hf_2k_5u.json,8 late layers indexed 0-7 (absolute layer in ci_analysis)
gemma-3-4b-it,Gemma-3,base,2,5,cond_discrimination,7,1.0,0.0,,,,raw,v3/results_vllm/probing/probing_gemma-3-4b-it-baseline-hf_2k_5u.json,8 late layers indexed 0-7 (absolute layer in ci_analysis)
gemma-3-4b-it,Gemma-3,base,2,5,cond_discrimination,8,1.0,0.0,,,,raw,v3/results_vllm/probing/probing_gemma-3-4b-it-baseline-hf_2k_5u.json,8 late layers indexed 0-7 (absolute layer in ci_analysis)
gemma-3-4b-it,Gemma-3,base,2,5,cond_discrimination,9,1.0,0.0,,,,raw,v3/results_vllm/probing/probing_gemma-3-4b-it-baseline-hf_2k_5u.json,8 late layers indexed 0-7 (absolute layer in ci_analysis)
gemma-3-4b-it,Gemma-3,base,2,5,cond_discrimination,10,1.0,0.0,,,,raw,v3/results_vllm/probing/probing_gemma-3-4b-it-baseline-hf_2k_5u.json,8 late layers indexed 0-7 (absolute layer in ci_analysis)
gemma-3-4b-it,Gemma-3,base,2,5,cond_discrimination,11,1.0,0.0,,,,raw,v3/results_vllm/probing/probing_gemma-3-4b-it-baseline-hf_2k_5u.json,8 late layers indexed 0-7 (absolute layer in ci_analysis)
gemma-3-4b-it,Gemma-3,base,2,5,cond_discrimination,12,1.0,0.0,,,,raw,v3/results_vllm/probing/probing_gemma-3-4b-it-baseline-hf_2k_5u.json,8 late layers indexed 0-7 (absolute layer in ci_analysis)
gemma-3-4b-it,Gemma-3,base,2,5,cond_discrimination,13,1.0,0.0,,,,raw,v3/results_vllm/probing/probing_gemma-3-4b-it-baseline-hf_2k_5u.json,8 late layers indexed 0-7 (absolute layer in ci_analysis)
gemma-3-4b-it,Gemma-3,base,2,5,cond_discrimination,14,1.0,0.0,,,,raw,v3/results_vllm/probing/probing_gemma-3-4b-it-baseline-hf_2k_5u.json,8 late layers indexed 0-7 (absolute layer in ci_analysis)
gemma-3-4b-it,Gemma-3,base,2,5,cond_discrimination,15,1.0,0.0,,,,raw,v3/results_vllm/probing/probing_gemma-3-4b-it-baseline-hf_2k_5u.json,8 late layers indexed 0-7 (absolute layer in ci_analysis)
gemma-3-4b-it,Gemma-3,base,2,5,cond_discrimination,16,1.0,0.0,,,,raw,v3/results_vllm/probing/probing_gemma-3-4b-it-baseline-hf_2k_5u.json,8 late layers indexed 0-7 (absolute layer in ci_analysis)
gemma-3-4b-it,Gemma-3,base,2,5,cond_discrimination,17,1.0,0.0,,,,raw,v3/results_vllm/probing/probing_gemma-3-4b-it-baseline-hf_2k_5u.json,8 late layers indexed 0-7 (absolute layer in ci_analysis)
gemma-3-4b-it,Gemma-3,base,2,5,cond_discrimination,18,1.0,0.0,,,,raw,v3/results_vllm/probing/probing_gemma-3-4b-it-baseline-hf_2k_5u.json,8 late layers indexed 0-7 (absolute layer in ci_analysis)
gemma-3-4b-it,Gemma-3,base,2,5,cond_discrimination,19,1.0,0.0,,,,raw,v3/results_vllm/probing/probing_gemma-3-4b-it-baseline-hf_2k_5u.json,8 late layers indexed 0-7 (absolute layer in ci_analysis)
gemma-3-4b-it,Gemma-3,base,2,5,cond_discrimination,20,1.0,0.0,,,,raw,v3/results_vllm/probing/probing_gemma-3-4b-it-baseline-hf_2k_5u.json,8 late layers indexed 0-7 (absolute layer in ci_analysis)
gemma-3-4b-it,Gemma-3,base,2,5,cond_discrimination,21,1.0,0.0,,,,raw,v3/results_vllm/probing/probing_gemma-3-4b-it-baseline-hf_2k_5u.json,8 late layers indexed 0-7 (absolute layer in ci_analysis)
gemma-3-4b-it,Gemma-3,base,2,5,cond_discrimination,22,1.0,0.0,,,,raw,v3/results_vllm/probing/probing_gemma-3-4b-it-baseline-hf_2k_5u.json,8 late layers indexed 0-7 (absolute layer in ci_analysis)
gemma-3-4b-it,Gemma-3,base,2,5,cond_discrimination,23,1.0,0.0,,,,raw,v3/results_vllm/probing/probing_gemma-3-4b-it-baseline-hf_2k_5u.json,8 late layers indexed 0-7 (absolute layer in ci_analysis)
gemma-3-4b-it,Gemma-3,base,2,5,cond_discrimination,24,1.0,0.0,,,,raw,v3/results_vllm/probing/probing_gemma-3-4b-it-baseline-hf_2k_5u.json,8 late layers indexed 0-7 (absolute layer in ci_analysis)
gemma-3-4b-it,Gemma-3,base,2,5,cond_discrimination,25,1.0,0.0,,,,raw,v3/results_vllm/probing/probing_gemma-3-4b-it-baseline-hf_2k_5u.json,8 late layers indexed 0-7 (absolute layer in ci_analysis)
gemma-3-4b-it,Gemma-3,base,2,5,cond_discrimination,26,1.0,0.0,,,,raw,v3/results_vllm/probing/probing_gemma-3-4b-it-baseline-hf_2k_5u.json,8 late layers indexed 0-7 (absolute layer in ci_analysis)
gemma-3-4b-it,Gemma-3,base,2,5,cond_discrimination,27,1.0,0.0,,,,raw,v3/results_vllm/probing/probing_gemma-3-4b-it-baseline-hf_2k_5u.json,8 late layers indexed 0-7 (absolute layer in ci_analysis)
gemma-3-4b-it,Gemma-3,base,2,5,cond_discrimination,28,1.0,0.0,,,,raw,v3/results_vllm/probing/probing_gemma-3-4b-it-baseline-hf_2k_5u.json,8 late layers indexed 0-7 (absolute layer in ci_analysis)
gemma-3-4b-it,Gemma-3,base,2,5,cond_discrimination,29,1.0,0.0,,,,raw,v3/results_vllm/probing/probing_gemma-3-4b-it-baseline-hf_2k_5u.json,8 late layers indexed 0-7 (absolute layer in ci_analysis)
gemma-3-4b-it,Gemma-3,base,2,5,cond_discrimination,30,1.0,0.0,,,,raw,v3/results_vllm/probing/probing_gemma-3-4b-it-baseline-hf_2k_5u.json,8 late layers indexed 0-7 (absolute layer in ci_analysis)
gemma-3-4b-it,Gemma-3,base,2,5,cond_discrimination,31,1.0,0.0,,,,raw,v3/results_vllm/probing/probing_gemma-3-4b-it-baseline-hf_2k_5u.json,8 late layers indexed 0-7 (absolute layer in ci_analysis)
gemma-3-4b-it,Gemma-3,base,2,5,cond_discrimination,32,1.0,0.0,,,,raw,v3/results_vllm/probing/probing_gemma-3-4b-it-baseline-hf_2k_5u.json,8 late layers indexed 0-7 (absolute layer in ci_analysis)
gemma-3-4b-it,Gemma-3,base,2,5,cond_discrimination,33,0.9975,0.005,,,,raw,v3/results_vllm/probing/probing_gemma-3-4b-it-baseline-hf_2k_5u.json,8 late layers indexed 0-7 (absolute layer in ci_analysis)
gemma-3-4b-it,Gemma-3,lora,2,5,CVQ_correct,0,0.5,0.1764,,,,raw,v3/results_vllm/probing/probing_gemma-3-4b-it-LoRA_2k_5u.json,8 late layers indexed 0-7 (absolute layer in ci_analysis)
gemma-3-4b-it,Gemma-3,lora,2,5,CVQ_correct,1,0.5542,0.0765,,,,raw,v3/results_vllm/probing/probing_gemma-3-4b-it-LoRA_2k_5u.json,8 late layers indexed 0-7 (absolute layer in ci_analysis)
gemma-3-4b-it,Gemma-3,lora,2,5,CVQ_correct,2,0.5667,0.0843,,,,raw,v3/results_vllm/probing/probing_gemma-3-4b-it-LoRA_2k_5u.json,8 late layers indexed 0-7 (absolute layer in ci_analysis)
gemma-3-4b-it,Gemma-3,lora,2,5,CVQ_correct,3,0.515,0.1342,,,,raw,v3/results_vllm/probing/probing_gemma-3-4b-it-LoRA_2k_5u.json,8 late layers indexed 0-7 (absolute layer in ci_analysis)
gemma-3-4b-it,Gemma-3,lora,2,5,CVQ_correct,4,0.49,0.1659,,,,raw,v3/results_vllm/probing/probing_gemma-3-4b-it-LoRA_2k_5u.json,8 late layers indexed 0-7 (absolute layer in ci_analysis)
gemma-3-4b-it,Gemma-3,lora,2,5,CVQ_correct,5,0.515,0.1274,,,,raw,v3/results_vllm/probing/probing_gemma-3-4b-it-LoRA_2k_5u.json,8 late layers indexed 0-7 (absolute layer in ci_analysis)
gemma-3-4b-it,Gemma-3,lora,2,5,CVQ_correct,6,0.54,0.08,,,,raw,v3/results_vllm/probing/probing_gemma-3-4b-it-LoRA_2k_5u.json,8 late layers indexed 0-7 (absolute layer in ci_analysis)
gemma-3-4b-it,Gemma-3,lora,2,5,CVQ_correct,7,0.5133,0.1067,,,,raw,v3/results_vllm/probing/probing_gemma-3-4b-it-LoRA_2k_5u.json,8 late layers indexed 0-7 (absolute layer in ci_analysis)
gemma-3-4b-it,Gemma-3,lora,2,5,CVQ_correct,8,0.5917,0.1078,,,,raw,v3/results_vllm/probing/probing_gemma-3-4b-it-LoRA_2k_5u.json,8 late layers indexed 0-7 (absolute layer in ci_analysis)
gemma-3-4b-it,Gemma-3,lora,2,5,CVQ_correct,9,0.58,0.1024,,,,raw,v3/results_vllm/probing/probing_gemma-3-4b-it-LoRA_2k_5u.json,8 late layers indexed 0-7 (absolute layer in ci_analysis)
gemma-3-4b-it,Gemma-3,lora,2,5,CVQ_correct,10,0.5383,0.0888,,,,raw,v3/results_vllm/probing/probing_gemma-3-4b-it-LoRA_2k_5u.json,8 late layers indexed 0-7 (absolute layer in ci_analysis)
gemma-3-4b-it,Gemma-3,lora,2,5,CVQ_correct,11,0.5517,0.092,,,,raw,v3/results_vllm/probing/probing_gemma-3-4b-it-LoRA_2k_5u.json,8 late layers indexed 0-7 (absolute layer in ci_analysis)
gemma-3-4b-it,Gemma-3,lora,2,5,CVQ_correct,12,0.5125,0.0929,,,,raw,v3/results_vllm/probing/probing_gemma-3-4b-it-LoRA_2k_5u.json,8 late layers indexed 0-7 (absolute layer in ci_analysis)
gemma-3-4b-it,Gemma-3,lora,2,5,CVQ_correct,13,0.5375,0.1003,,,,raw,v3/results_vllm/probing/probing_gemma-3-4b-it-LoRA_2k_5u.json,8 late layers indexed 0-7 (absolute layer in ci_analysis)
gemma-3-4b-it,Gemma-3,lora,2,5,CVQ_correct,14,0.5108,0.1292,,,,raw,v3/results_vllm/probing/probing_gemma-3-4b-it-LoRA_2k_5u.json,8 late layers indexed 0-7 (absolute layer in ci_analysis)
gemma-3-4b-it,Gemma-3,lora,2,5,CVQ_correct,15,0.42,0.0833,,,,raw,v3/results_vllm/probing/probing_gemma-3-4b-it-LoRA_2k_5u.json,8 late layers indexed 0-7 (absolute layer in ci_analysis)
gemma-3-4b-it,Gemma-3,lora,2,5,CVQ_correct,16,0.4717,0.1178,,,,raw,v3/results_vllm/probing/probing_gemma-3-4b-it-LoRA_2k_5u.json,8 late layers indexed 0-7 (absolute layer in ci_analysis)
gemma-3-4b-it,Gemma-3,lora,2,5,CVQ_correct,17,0.4333,0.0596,,,,raw,v3/results_vllm/probing/probing_gemma-3-4b-it-LoRA_2k_5u.json,8 late layers indexed 0-7 (absolute layer in ci_analysis)
gemma-3-4b-it,Gemma-3,lora,2,5,CVQ_correct,18,0.4867,0.098,,,,raw,v3/results_vllm/probing/probing_gemma-3-4b-it-LoRA_2k_5u.json,8 late layers indexed 0-7 (absolute layer in ci_analysis)
gemma-3-4b-it,Gemma-3,lora,2,5,CVQ_correct,19,0.4592,0.0597,,,,raw,v3/results_vllm/probing/probing_gemma-3-4b-it-LoRA_2k_5u.json,8 late layers indexed 0-7 (absolute layer in ci_analysis)
gemma-3-4b-it,Gemma-3,lora,2,5,CVQ_correct,20,0.4875,0.0389,,,,raw,v3/results_vllm/probing/probing_gemma-3-4b-it-LoRA_2k_5u.json,8 late layers indexed 0-7 (absolute layer in ci_analysis)
gemma-3-4b-it,Gemma-3,lora,2,5,CVQ_correct,21,0.5925,0.0448,,,,raw,v3/results_vllm/probing/probing_gemma-3-4b-it-LoRA_2k_5u.json,8 late layers indexed 0-7 (absolute layer in ci_analysis)
gemma-3-4b-it,Gemma-3,lora,2,5,CVQ_correct,22,0.6308,0.057,,,,raw,v3/results_vllm/probing/probing_gemma-3-4b-it-LoRA_2k_5u.json,8 late layers indexed 0-7 (absolute layer in ci_analysis)
gemma-3-4b-it,Gemma-3,lora,2,5,CVQ_correct,23,0.815,0.0667,,,,raw,v3/results_vllm/probing/probing_gemma-3-4b-it-LoRA_2k_5u.json,8 late layers indexed 0-7 (absolute layer in ci_analysis)
gemma-3-4b-it,Gemma-3,lora,2,5,CVQ_correct,24,0.8417,0.091,,,,raw,v3/results_vllm/probing/probing_gemma-3-4b-it-LoRA_2k_5u.json,8 late layers indexed 0-7 (absolute layer in ci_analysis)
gemma-3-4b-it,Gemma-3,lora,2,5,CVQ_correct,25,0.8408,0.1243,,,,raw,v3/results_vllm/probing/probing_gemma-3-4b-it-LoRA_2k_5u.json,8 late layers indexed 0-7 (absolute layer in ci_analysis)
gemma-3-4b-it,Gemma-3,lora,2,5,CVQ_correct,26,0.815,0.0989,,,,raw,v3/results_vllm/probing/probing_gemma-3-4b-it-LoRA_2k_5u.json,8 late layers indexed 0-7 (absolute layer in ci_analysis)
gemma-3-4b-it,Gemma-3,lora,2,5,CVQ_correct,27,0.8417,0.1088,,,,raw,v3/results_vllm/probing/probing_gemma-3-4b-it-LoRA_2k_5u.json,8 late layers indexed 0-7 (absolute layer in ci_analysis)
gemma-3-4b-it,Gemma-3,lora,2,5,CVQ_correct,28,0.8817,0.0651,,,,raw,v3/results_vllm/probing/probing_gemma-3-4b-it-LoRA_2k_5u.json,8 late layers indexed 0-7 (absolute layer in ci_analysis)
gemma-3-4b-it,Gemma-3,lora,2,5,CVQ_correct,29,0.8942,0.0685,,,,raw,v3/results_vllm/probing/probing_gemma-3-4b-it-LoRA_2k_5u.json,8 late layers indexed 0-7 (absolute layer in ci_analysis)
gemma-3-4b-it,Gemma-3,lora,2,5,CVQ_correct,30,0.8942,0.0685,,,,raw,v3/results_vllm/probing/probing_gemma-3-4b-it-LoRA_2k_5u.json,8 late layers indexed 0-7 (absolute layer in ci_analysis)
gemma-3-4b-it,Gemma-3,lora,2,5,CVQ_correct,31,0.8817,0.0651,,,,raw,v3/results_vllm/probing/probing_gemma-3-4b-it-LoRA_2k_5u.json,8 late layers indexed 0-7 (absolute layer in ci_analysis)
gemma-3-4b-it,Gemma-3,lora,2,5,CVQ_correct,32,0.8692,0.0709,,,,raw,v3/results_vllm/probing/probing_gemma-3-4b-it-LoRA_2k_5u.json,8 late layers indexed 0-7 (absolute layer in ci_analysis)
gemma-3-4b-it,Gemma-3,lora,2,5,CVQ_correct,33,0.8567,0.0841,,,,raw,v3/results_vllm/probing/probing_gemma-3-4b-it-LoRA_2k_5u.json,8 late layers indexed 0-7 (absolute layer in ci_analysis)
gemma-3-4b-it,Gemma-3,lora,2,5,FVQ_correct,0,0.561,0.0883,,,,raw,v3/results_vllm/probing/probing_gemma-3-4b-it-LoRA_2k_5u.json,8 late layers indexed 0-7 (absolute layer in ci_analysis)
gemma-3-4b-it,Gemma-3,lora,2,5,FVQ_correct,1,0.6346,0.0647,,,,raw,v3/results_vllm/probing/probing_gemma-3-4b-it-LoRA_2k_5u.json,8 late layers indexed 0-7 (absolute layer in ci_analysis)
gemma-3-4b-it,Gemma-3,lora,2,5,FVQ_correct,2,0.6588,0.0447,,,,raw,v3/results_vllm/probing/probing_gemma-3-4b-it-LoRA_2k_5u.json,8 late layers indexed 0-7 (absolute layer in ci_analysis)
gemma-3-4b-it,Gemma-3,lora,2,5,FVQ_correct,3,0.6346,0.0325,,,,raw,v3/results_vllm/probing/probing_gemma-3-4b-it-LoRA_2k_5u.json,8 late layers indexed 0-7 (absolute layer in ci_analysis)
gemma-3-4b-it,Gemma-3,lora,2,5,FVQ_correct,4,0.6346,0.0325,,,,raw,v3/results_vllm/probing/probing_gemma-3-4b-it-LoRA_2k_5u.json,8 late layers indexed 0-7 (absolute layer in ci_analysis)
gemma-3-4b-it,Gemma-3,lora,2,5,FVQ_correct,5,0.5853,0.0457,,,,raw,v3/results_vllm/probing/probing_gemma-3-4b-it-LoRA_2k_5u.json,8 late layers indexed 0-7 (absolute layer in ci_analysis)
gemma-3-4b-it,Gemma-3,lora,2,5,FVQ_correct,6,0.6706,0.0298,,,,raw,v3/results_vllm/probing/probing_gemma-3-4b-it-LoRA_2k_5u.json,8 late layers indexed 0-7 (absolute layer in ci_analysis)
gemma-3-4b-it,Gemma-3,lora,2,5,FVQ_correct,7,0.6103,0.0572,,,,raw,v3/results_vllm/probing/probing_gemma-3-4b-it-LoRA_2k_5u.json,8 late layers indexed 0-7 (absolute layer in ci_analysis)
gemma-3-4b-it,Gemma-3,lora,2,5,FVQ_correct,8,0.6221,0.1201,,,,raw,v3/results_vllm/probing/probing_gemma-3-4b-it-LoRA_2k_5u.json,8 late layers indexed 0-7 (absolute layer in ci_analysis)
gemma-3-4b-it,Gemma-3,lora,2,5,FVQ_correct,9,0.5831,0.0972,,,,raw,v3/results_vllm/probing/probing_gemma-3-4b-it-LoRA_2k_5u.json,8 late layers indexed 0-7 (absolute layer in ci_analysis)
gemma-3-4b-it,Gemma-3,lora,2,5,FVQ_correct,10,0.5088,0.1217,,,,raw,v3/results_vllm/probing/probing_gemma-3-4b-it-LoRA_2k_5u.json,8 late layers indexed 0-7 (absolute layer in ci_analysis)
gemma-3-4b-it,Gemma-3,lora,2,5,FVQ_correct,11,0.5,0.0709,,,,raw,v3/results_vllm/probing/probing_gemma-3-4b-it-LoRA_2k_5u.json,8 late layers indexed 0-7 (absolute layer in ci_analysis)
gemma-3-4b-it,Gemma-3,lora,2,5,FVQ_correct,12,0.4868,0.079,,,,raw,v3/results_vllm/probing/probing_gemma-3-4b-it-LoRA_2k_5u.json,8 late layers indexed 0-7 (absolute layer in ci_analysis)
gemma-3-4b-it,Gemma-3,lora,2,5,FVQ_correct,13,0.4882,0.1021,,,,raw,v3/results_vllm/probing/probing_gemma-3-4b-it-LoRA_2k_5u.json,8 late layers indexed 0-7 (absolute layer in ci_analysis)
gemma-3-4b-it,Gemma-3,lora,2,5,FVQ_correct,14,0.464,0.0631,,,,raw,v3/results_vllm/probing/probing_gemma-3-4b-it-LoRA_2k_5u.json,8 late layers indexed 0-7 (absolute layer in ci_analysis)
gemma-3-4b-it,Gemma-3,lora,2,5,FVQ_correct,15,0.45,0.0728,,,,raw,v3/results_vllm/probing/probing_gemma-3-4b-it-LoRA_2k_5u.json,8 late layers indexed 0-7 (absolute layer in ci_analysis)
gemma-3-4b-it,Gemma-3,lora,2,5,FVQ_correct,16,0.3904,0.096,,,,raw,v3/results_vllm/probing/probing_gemma-3-4b-it-LoRA_2k_5u.json,8 late layers indexed 0-7 (absolute layer in ci_analysis)
gemma-3-4b-it,Gemma-3,lora,2,5,FVQ_correct,17,0.5375,0.0533,,,,raw,v3/results_vllm/probing/probing_gemma-3-4b-it-LoRA_2k_5u.json,8 late layers indexed 0-7 (absolute layer in ci_analysis)
gemma-3-4b-it,Gemma-3,lora,2,5,FVQ_correct,18,0.5625,0.0589,,,,raw,v3/results_vllm/probing/probing_gemma-3-4b-it-LoRA_2k_5u.json,8 late layers indexed 0-7 (absolute layer in ci_analysis)
gemma-3-4b-it,Gemma-3,lora,2,5,FVQ_correct,19,0.5868,0.0829,,,,raw,v3/results_vllm/probing/probing_gemma-3-4b-it-LoRA_2k_5u.json,8 late layers indexed 0-7 (absolute layer in ci_analysis)
gemma-3-4b-it,Gemma-3,lora,2,5,FVQ_correct,20,0.5846,0.0514,,,,raw,v3/results_vllm/probing/probing_gemma-3-4b-it-LoRA_2k_5u.json,8 late layers indexed 0-7 (absolute layer in ci_analysis)
gemma-3-4b-it,Gemma-3,lora,2,5,FVQ_correct,21,0.5463,0.1559,,,,raw,v3/results_vllm/probing/probing_gemma-3-4b-it-LoRA_2k_5u.json,8 late layers indexed 0-7 (absolute layer in ci_analysis)
gemma-3-4b-it,Gemma-3,lora,2,5,FVQ_correct,22,0.6581,0.0621,,,,raw,v3/results_vllm/probing/probing_gemma-3-4b-it-LoRA_2k_5u.json,8 late layers indexed 0-7 (absolute layer in ci_analysis)
gemma-3-4b-it,Gemma-3,lora,2,5,FVQ_correct,23,0.8154,0.1127,,,,raw,v3/results_vllm/probing/probing_gemma-3-4b-it-LoRA_2k_5u.json,8 late layers indexed 0-7 (absolute layer in ci_analysis)
gemma-3-4b-it,Gemma-3,lora,2,5,FVQ_correct,24,0.8404,0.0642,,,,raw,v3/results_vllm/probing/probing_gemma-3-4b-it-LoRA_2k_5u.json,8 late layers indexed 0-7 (absolute layer in ci_analysis)
gemma-3-4b-it,Gemma-3,lora,2,5,FVQ_correct,25,0.8654,0.0723,,,,raw,v3/results_vllm/probing/probing_gemma-3-4b-it-LoRA_2k_5u.json,8 late layers indexed 0-7 (absolute layer in ci_analysis)
gemma-3-4b-it,Gemma-3,lora,2,5,FVQ_correct,26,0.8404,0.0851,,,,raw,v3/results_vllm/probing/probing_gemma-3-4b-it-LoRA_2k_5u.json,8 late layers indexed 0-7 (absolute layer in ci_analysis)
gemma-3-4b-it,Gemma-3,lora,2,5,FVQ_correct,27,0.8404,0.0851,,,,raw,v3/results_vllm/probing/probing_gemma-3-4b-it-LoRA_2k_5u.json,8 late layers indexed 0-7 (absolute layer in ci_analysis)
gemma-3-4b-it,Gemma-3,lora,2,5,FVQ_correct,28,0.8897,0.0473,,,,raw,v3/results_vllm/probing/probing_gemma-3-4b-it-LoRA_2k_5u.json,8 late layers indexed 0-7 (absolute layer in ci_analysis)
gemma-3-4b-it,Gemma-3,lora,2,5,FVQ_correct,29,0.9022,0.0305,,,,raw,v3/results_vllm/probing/probing_gemma-3-4b-it-LoRA_2k_5u.json,8 late layers indexed 0-7 (absolute layer in ci_analysis)
gemma-3-4b-it,Gemma-3,lora,2,5,FVQ_correct,30,0.9147,0.0295,,,,raw,v3/results_vllm/probing/probing_gemma-3-4b-it-LoRA_2k_5u.json,8 late layers indexed 0-7 (absolute layer in ci_analysis)
gemma-3-4b-it,Gemma-3,lora,2,5,FVQ_correct,31,0.9022,0.0637,,,,raw,v3/results_vllm/probing/probing_gemma-3-4b-it-LoRA_2k_5u.json,8 late layers indexed 0-7 (absolute layer in ci_analysis)
gemma-3-4b-it,Gemma-3,lora,2,5,FVQ_correct,32,0.9272,0.0455,,,,raw,v3/results_vllm/probing/probing_gemma-3-4b-it-LoRA_2k_5u.json,8 late layers indexed 0-7 (absolute layer in ci_analysis)
gemma-3-4b-it,Gemma-3,lora,2,5,FVQ_correct,33,0.9154,0.0479,,,,raw,v3/results_vllm/probing/probing_gemma-3-4b-it-LoRA_2k_5u.json,8 late layers indexed 0-7 (absolute layer in ci_analysis)
gemma-3-4b-it,Gemma-3,lora,2,5,cond_discrimination,0,0.8175,0.0497,,,,raw,v3/results_vllm/probing/probing_gemma-3-4b-it-LoRA_2k_5u.json,8 late layers indexed 0-7 (absolute layer in ci_analysis)
gemma-3-4b-it,Gemma-3,lora,2,5,cond_discrimination,1,0.9225,0.0267,,,,raw,v3/results_vllm/probing/probing_gemma-3-4b-it-LoRA_2k_5u.json,8 late layers indexed 0-7 (absolute layer in ci_analysis)
gemma-3-4b-it,Gemma-3,lora,2,5,cond_discrimination,2,0.95,0.0274,,,,raw,v3/results_vllm/probing/probing_gemma-3-4b-it-LoRA_2k_5u.json,8 late layers indexed 0-7 (absolute layer in ci_analysis)
gemma-3-4b-it,Gemma-3,lora,2,5,cond_discrimination,3,0.975,0.0137,,,,raw,v3/results_vllm/probing/probing_gemma-3-4b-it-LoRA_2k_5u.json,8 late layers indexed 0-7 (absolute layer in ci_analysis)
gemma-3-4b-it,Gemma-3,lora,2,5,cond_discrimination,4,1.0,0.0,,,,raw,v3/results_vllm/probing/probing_gemma-3-4b-it-LoRA_2k_5u.json,8 late layers indexed 0-7 (absolute layer in ci_analysis)
gemma-3-4b-it,Gemma-3,lora,2,5,cond_discrimination,5,1.0,0.0,,,,raw,v3/results_vllm/probing/probing_gemma-3-4b-it-LoRA_2k_5u.json,8 late layers indexed 0-7 (absolute layer in ci_analysis)
gemma-3-4b-it,Gemma-3,lora,2,5,cond_discrimination,6,1.0,0.0,,,,raw,v3/results_vllm/probing/probing_gemma-3-4b-it-LoRA_2k_5u.json,8 late layers indexed 0-7 (absolute layer in ci_analysis)
gemma-3-4b-it,Gemma-3,lora,2,5,cond_discrimination,7,1.0,0.0,,,,raw,v3/results_vllm/probing/probing_gemma-3-4b-it-LoRA_2k_5u.json,8 late layers indexed 0-7 (absolute layer in ci_analysis)
gemma-3-4b-it,Gemma-3,lora,2,5,cond_discrimination,8,1.0,0.0,,,,raw,v3/results_vllm/probing/probing_gemma-3-4b-it-LoRA_2k_5u.json,8 late layers indexed 0-7 (absolute layer in ci_analysis)
gemma-3-4b-it,Gemma-3,lora,2,5,cond_discrimination,9,1.0,0.0,,,,raw,v3/results_vllm/probing/probing_gemma-3-4b-it-LoRA_2k_5u.json,8 late layers indexed 0-7 (absolute layer in ci_analysis)
gemma-3-4b-it,Gemma-3,lora,2,5,cond_discrimination,10,1.0,0.0,,,,raw,v3/results_vllm/probing/probing_gemma-3-4b-it-LoRA_2k_5u.json,8 late layers indexed 0-7 (absolute layer in ci_analysis)
gemma-3-4b-it,Gemma-3,lora,2,5,cond_discrimination,11,1.0,0.0,,,,raw,v3/results_vllm/probing/probing_gemma-3-4b-it-LoRA_2k_5u.json,8 late layers indexed 0-7 (absolute layer in ci_analysis)
gemma-3-4b-it,Gemma-3,lora,2,5,cond_discrimination,12,1.0,0.0,,,,raw,v3/results_vllm/probing/probing_gemma-3-4b-it-LoRA_2k_5u.json,8 late layers indexed 0-7 (absolute layer in ci_analysis)
gemma-3-4b-it,Gemma-3,lora,2,5,cond_discrimination,13,1.0,0.0,,,,raw,v3/results_vllm/probing/probing_gemma-3-4b-it-LoRA_2k_5u.json,8 late layers indexed 0-7 (absolute layer in ci_analysis)
gemma-3-4b-it,Gemma-3,lora,2,5,cond_discrimination,14,1.0,0.0,,,,raw,v3/results_vllm/probing/probing_gemma-3-4b-it-LoRA_2k_5u.json,8 late layers indexed 0-7 (absolute layer in ci_analysis)
gemma-3-4b-it,Gemma-3,lora,2,5,cond_discrimination,15,1.0,0.0,,,,raw,v3/results_vllm/probing/probing_gemma-3-4b-it-LoRA_2k_5u.json,8 late layers indexed 0-7 (absolute layer in ci_analysis)
gemma-3-4b-it,Gemma-3,lora,2,5,cond_discrimination,16,1.0,0.0,,,,raw,v3/results_vllm/probing/probing_gemma-3-4b-it-LoRA_2k_5u.json,8 late layers indexed 0-7 (absolute layer in ci_analysis)
gemma-3-4b-it,Gemma-3,lora,2,5,cond_discrimination,17,1.0,0.0,,,,raw,v3/results_vllm/probing/probing_gemma-3-4b-it-LoRA_2k_5u.json,8 late layers indexed 0-7 (absolute layer in ci_analysis)
gemma-3-4b-it,Gemma-3,lora,2,5,cond_discrimination,18,1.0,0.0,,,,raw,v3/results_vllm/probing/probing_gemma-3-4b-it-LoRA_2k_5u.json,8 late layers indexed 0-7 (absolute layer in ci_analysis)
gemma-3-4b-it,Gemma-3,lora,2,5,cond_discrimination,19,1.0,0.0,,,,raw,v3/results_vllm/probing/probing_gemma-3-4b-it-LoRA_2k_5u.json,8 late layers indexed 0-7 (absolute layer in ci_analysis)
gemma-3-4b-it,Gemma-3,lora,2,5,cond_discrimination,20,1.0,0.0,,,,raw,v3/results_vllm/probing/probing_gemma-3-4b-it-LoRA_2k_5u.json,8 late layers indexed 0-7 (absolute layer in ci_analysis)
gemma-3-4b-it,Gemma-3,lora,2,5,cond_discrimination,21,1.0,0.0,,,,raw,v3/results_vllm/probing/probing_gemma-3-4b-it-LoRA_2k_5u.json,8 late layers indexed 0-7 (absolute layer in ci_analysis)
gemma-3-4b-it,Gemma-3,lora,2,5,cond_discrimination,22,1.0,0.0,,,,raw,v3/results_vllm/probing/probing_gemma-3-4b-it-LoRA_2k_5u.json,8 late layers indexed 0-7 (absolute layer in ci_analysis)
gemma-3-4b-it,Gemma-3,lora,2,5,cond_discrimination,23,1.0,0.0,,,,raw,v3/results_vllm/probing/probing_gemma-3-4b-it-LoRA_2k_5u.json,8 late layers indexed 0-7 (absolute layer in ci_analysis)
gemma-3-4b-it,Gemma-3,lora,2,5,cond_discrimination,24,1.0,0.0,,,,raw,v3/results_vllm/probing/probing_gemma-3-4b-it-LoRA_2k_5u.json,8 late layers indexed 0-7 (absolute layer in ci_analysis)
gemma-3-4b-it,Gemma-3,lora,2,5,cond_discrimination,25,1.0,0.0,,,,raw,v3/results_vllm/probing/probing_gemma-3-4b-it-LoRA_2k_5u.json,8 late layers indexed 0-7 (absolute layer in ci_analysis)
gemma-3-4b-it,Gemma-3,lora,2,5,cond_discrimination,26,1.0,0.0,,,,raw,v3/results_vllm/probing/probing_gemma-3-4b-it-LoRA_2k_5u.json,8 late layers indexed 0-7 (absolute layer in ci_analysis)
gemma-3-4b-it,Gemma-3,lora,2,5,cond_discrimination,27,1.0,0.0,,,,raw,v3/results_vllm/probing/probing_gemma-3-4b-it-LoRA_2k_5u.json,8 late layers indexed 0-7 (absolute layer in ci_analysis)
gemma-3-4b-it,Gemma-3,lora,2,5,cond_discrimination,28,1.0,0.0,,,,raw,v3/results_vllm/probing/probing_gemma-3-4b-it-LoRA_2k_5u.json,8 late layers indexed 0-7 (absolute layer in ci_analysis)
gemma-3-4b-it,Gemma-3,lora,2,5,cond_discrimination,29,1.0,0.0,,,,raw,v3/results_vllm/probing/probing_gemma-3-4b-it-LoRA_2k_5u.json,8 late layers indexed 0-7 (absolute layer in ci_analysis)
gemma-3-4b-it,Gemma-3,lora,2,5,cond_discrimination,30,1.0,0.0,,,,raw,v3/results_vllm/probing/probing_gemma-3-4b-it-LoRA_2k_5u.json,8 late layers indexed 0-7 (absolute layer in ci_analysis)
gemma-3-4b-it,Gemma-3,lora,2,5,cond_discrimination,31,1.0,0.0,,,,raw,v3/results_vllm/probing/probing_gemma-3-4b-it-LoRA_2k_5u.json,8 late layers indexed 0-7 (absolute layer in ci_analysis)
gemma-3-4b-it,Gemma-3,lora,2,5,cond_discrimination,32,1.0,0.0,,,,raw,v3/results_vllm/probing/probing_gemma-3-4b-it-LoRA_2k_5u.json,8 late layers indexed 0-7 (absolute layer in ci_analysis)
gemma-3-4b-it,Gemma-3,lora,2,5,cond_discrimination,33,1.0,0.0,,,,raw,v3/results_vllm/probing/probing_gemma-3-4b-it-LoRA_2k_5u.json,8 late layers indexed 0-7 (absolute layer in ci_analysis)
